"cod","icd10_range","icd10"
"Diarrhoeal diseases","A00-A09","A00"
"Diarrhoeal diseases","A00-A09","A01"
"Diarrhoeal diseases","A00-A09","A02"
"Diarrhoeal diseases","A00-A09","A03"
"Diarrhoeal diseases","A00-A09","A04"
"Diarrhoeal diseases","A00-A09","A05"
"Diarrhoeal diseases","A00-A09","A06"
"Diarrhoeal diseases","A00-A09","A07"
"Diarrhoeal diseases","A00-A09","A08"
"Diarrhoeal diseases","A00-A09","A09"
"Tuberculosis","A15-A16","A15"
"Tuberculosis","A15-A16","A16"
"Unspecified infections","A17-A33","A17"
"Unspecified infections","A17-A33","A18"
"Unspecified infections","A17-A33","A19"
"Unspecified infections","A17-A33","A20"
"Unspecified infections","A17-A33","A21"
"Unspecified infections","A17-A33","A22"
"Unspecified infections","A17-A33","A23"
"Unspecified infections","A17-A33","A24"
"Unspecified infections","A17-A33","A25"
"Unspecified infections","A17-A33","A26"
"Unspecified infections","A17-A33","A27"
"Unspecified infections","A17-A33","A28"
"Unspecified infections","A17-A33","A29"
"Unspecified infections","A17-A33","A30"
"Unspecified infections","A17-A33","A31"
"Unspecified infections","A17-A33","A32"
"Unspecified infections","A17-A33","A33"
"Maternal conditions","A34","A34"
"Unspecified infections","A35-A99","A35"
"Unspecified infections","A35-A99","A36"
"Unspecified infections","A35-A99","A37"
"Unspecified infections","A35-A99","A38"
"Unspecified infections","A35-A99","A39"
"Unspecified infections","A35-A99","A40"
"Unspecified infections","A35-A99","A41"
"Unspecified infections","A35-A99","A42"
"Unspecified infections","A35-A99","A43"
"Unspecified infections","A35-A99","A44"
"Unspecified infections","A35-A99","A45"
"Unspecified infections","A35-A99","A46"
"Unspecified infections","A35-A99","A47"
"Unspecified infections","A35-A99","A48"
"Unspecified infections","A35-A99","A49"
"Unspecified infections","A35-A99","A50"
"Unspecified infections","A35-A99","A51"
"Unspecified infections","A35-A99","A52"
"Unspecified infections","A35-A99","A53"
"Unspecified infections","A35-A99","A54"
"Unspecified infections","A35-A99","A55"
"Unspecified infections","A35-A99","A56"
"Unspecified infections","A35-A99","A57"
"Unspecified infections","A35-A99","A58"
"Unspecified infections","A35-A99","A59"
"Unspecified infections","A35-A99","A60"
"Unspecified infections","A35-A99","A61"
"Unspecified infections","A35-A99","A62"
"Unspecified infections","A35-A99","A63"
"Unspecified infections","A35-A99","A64"
"Unspecified infections","A35-A99","A65"
"Unspecified infections","A35-A99","A66"
"Unspecified infections","A35-A99","A67"
"Unspecified infections","A35-A99","A68"
"Unspecified infections","A35-A99","A69"
"Unspecified infections","A35-A99","A70"
"Unspecified infections","A35-A99","A71"
"Unspecified infections","A35-A99","A72"
"Unspecified infections","A35-A99","A73"
"Unspecified infections","A35-A99","A74"
"Unspecified infections","A35-A99","A75"
"Unspecified infections","A35-A99","A76"
"Unspecified infections","A35-A99","A77"
"Unspecified infections","A35-A99","A78"
"Unspecified infections","A35-A99","A79"
"Unspecified infections","A35-A99","A80"
"Unspecified infections","A35-A99","A81"
"Unspecified infections","A35-A99","A82"
"Unspecified infections","A35-A99","A83"
"Unspecified infections","A35-A99","A84"
"Unspecified infections","A35-A99","A85"
"Unspecified infections","A35-A99","A86"
"Unspecified infections","A35-A99","A87"
"Unspecified infections","A35-A99","A88"
"Unspecified infections","A35-A99","A89"
"Unspecified infections","A35-A99","A90"
"Unspecified infections","A35-A99","A91"
"Unspecified infections","A35-A99","A92"
"Unspecified infections","A35-A99","A93"
"Unspecified infections","A35-A99","A94"
"Unspecified infections","A35-A99","A95"
"Unspecified infections","A35-A99","A96"
"Unspecified infections","A35-A99","A97"
"Unspecified infections","A35-A99","A98"
"Unspecified infections","A35-A99","A99"
"Unspecified infections","B00-B17","B00"
"Unspecified infections","B00-B17","B01"
"Unspecified infections","B00-B17","B02"
"Unspecified infections","B00-B17","B03"
"Unspecified infections","B00-B17","B04"
"Unspecified infections","B00-B17","B05"
"Unspecified infections","B00-B17","B06"
"Unspecified infections","B00-B17","B07"
"Unspecified infections","B00-B17","B08"
"Unspecified infections","B00-B17","B09"
"Unspecified infections","B00-B17","B10"
"Unspecified infections","B00-B17","B11"
"Unspecified infections","B00-B17","B12"
"Unspecified infections","B00-B17","B13"
"Unspecified infections","B00-B17","B14"
"Unspecified infections","B00-B17","B15"
"Unspecified infections","B00-B17","B16"
"Unspecified infections","B00-B17","B17"
"Liver and alcohol related diseases","B18","B18"
"Unspecified infections","B19-B49","B19"
"Unspecified infections","B19-B49","B20"
"Unspecified infections","B19-B49","B21"
"Unspecified infections","B19-B49","B22"
"Unspecified infections","B19-B49","B23"
"Unspecified infections","B19-B49","B24"
"Unspecified infections","B19-B49","B25"
"Unspecified infections","B19-B49","B26"
"Unspecified infections","B19-B49","B27"
"Unspecified infections","B19-B49","B28"
"Unspecified infections","B19-B49","B29"
"Unspecified infections","B19-B49","B30"
"Unspecified infections","B19-B49","B31"
"Unspecified infections","B19-B49","B32"
"Unspecified infections","B19-B49","B33"
"Unspecified infections","B19-B49","B34"
"Unspecified infections","B19-B49","B35"
"Unspecified infections","B19-B49","B36"
"Unspecified infections","B19-B49","B37"
"Unspecified infections","B19-B49","B38"
"Unspecified infections","B19-B49","B39"
"Unspecified infections","B19-B49","B40"
"Unspecified infections","B19-B49","B41"
"Unspecified infections","B19-B49","B42"
"Unspecified infections","B19-B49","B43"
"Unspecified infections","B19-B49","B44"
"Unspecified infections","B19-B49","B45"
"Unspecified infections","B19-B49","B46"
"Unspecified infections","B19-B49","B47"
"Unspecified infections","B19-B49","B48"
"Unspecified infections","B19-B49","B49"
"Malaria","B50-B54","B50"
"Malaria","B50-B54","B51"
"Malaria","B50-B54","B52"
"Malaria","B50-B54","B53"
"Malaria","B50-B54","B54"
"Unspecified infections","B55-B89","B55"
"Unspecified infections","B55-B89","B56"
"Unspecified infections","B55-B89","B57"
"Unspecified infections","B55-B89","B58"
"Unspecified infections","B55-B89","B59"
"Unspecified infections","B55-B89","B60"
"Unspecified infections","B55-B89","B61"
"Unspecified infections","B55-B89","B62"
"Unspecified infections","B55-B89","B63"
"Unspecified infections","B55-B89","B64"
"Unspecified infections","B55-B89","B65"
"Unspecified infections","B55-B89","B66"
"Unspecified infections","B55-B89","B67"
"Unspecified infections","B55-B89","B68"
"Unspecified infections","B55-B89","B69"
"Unspecified infections","B55-B89","B70"
"Unspecified infections","B55-B89","B71"
"Unspecified infections","B55-B89","B72"
"Unspecified infections","B55-B89","B73"
"Unspecified infections","B55-B89","B74"
"Unspecified infections","B55-B89","B75"
"Unspecified infections","B55-B89","B76"
"Unspecified infections","B55-B89","B77"
"Unspecified infections","B55-B89","B78"
"Unspecified infections","B55-B89","B79"
"Unspecified infections","B55-B89","B80"
"Unspecified infections","B55-B89","B81"
"Unspecified infections","B55-B89","B82"
"Unspecified infections","B55-B89","B83"
"Unspecified infections","B55-B89","B84"
"Unspecified infections","B55-B89","B85"
"Unspecified infections","B55-B89","B86"
"Unspecified infections","B55-B89","B87"
"Unspecified infections","B55-B89","B88"
"Unspecified infections","B55-B89","B89"
"Tuberculosis","B90","B90"
"Unspecified infections","B91-B99","B91"
"Unspecified infections","B91-B99","B92"
"Unspecified infections","B91-B99","B93"
"Unspecified infections","B91-B99","B94"
"Unspecified infections","B91-B99","B95"
"Unspecified infections","B91-B99","B96"
"Unspecified infections","B91-B99","B97"
"Unspecified infections","B91-B99","B98"
"Unspecified infections","B91-B99","B99"
"Cancers","C00-C26","C00"
"Cancers","C00-C26","C01"
"Cancers","C00-C26","C02"
"Cancers","C00-C26","C03"
"Cancers","C00-C26","C04"
"Cancers","C00-C26","C05"
"Cancers","C00-C26","C06"
"Cancers","C00-C26","C07"
"Cancers","C00-C26","C08"
"Cancers","C00-C26","C09"
"Cancers","C00-C26","C10"
"Cancers","C00-C26","C11"
"Cancers","C00-C26","C12"
"Cancers","C00-C26","C13"
"Cancers","C00-C26","C14"
"Cancers","C00-C26","C15"
"Cancers","C00-C26","C16"
"Cancers","C00-C26","C17"
"Cancers","C00-C26","C18"
"Cancers","C00-C26","C19"
"Cancers","C00-C26","C20"
"Cancers","C00-C26","C21"
"Cancers","C00-C26","C22"
"Cancers","C00-C26","C23"
"Cancers","C00-C26","C24"
"Cancers","C00-C26","C25"
"Cancers","C00-C26","C26"
"Cancers","C30-C45","C30"
"Cancers","C30-C45","C31"
"Cancers","C30-C45","C32"
"Cancers","C30-C45","C33"
"Cancers","C30-C45","C34"
"Cancers","C30-C45","C35"
"Cancers","C30-C45","C36"
"Cancers","C30-C45","C37"
"Cancers","C30-C45","C38"
"Cancers","C30-C45","C39"
"Cancers","C30-C45","C40"
"Cancers","C30-C45","C41"
"Cancers","C30-C45","C42"
"Cancers","C30-C45","C43"
"Cancers","C30-C45","C44"
"Cancers","C30-C45","C45"
"Unspecified infections","C46","C46"
"Cancers","C47-C58","C47"
"Cancers","C47-C58","C48"
"Cancers","C47-C58","C49"
"Cancers","C47-C58","C50"
"Cancers","C47-C58","C51"
"Cancers","C47-C58","C52"
"Cancers","C47-C58","C53"
"Cancers","C47-C58","C54"
"Cancers","C47-C58","C55"
"Cancers","C47-C58","C56"
"Cancers","C47-C58","C57"
"Cancers","C47-C58","C58"
"Cancers","C60-C97","C60"
"Cancers","C60-C97","C61"
"Cancers","C60-C97","C62"
"Cancers","C60-C97","C63"
"Cancers","C60-C97","C64"
"Cancers","C60-C97","C65"
"Cancers","C60-C97","C66"
"Cancers","C60-C97","C67"
"Cancers","C60-C97","C68"
"Cancers","C60-C97","C69"
"Cancers","C60-C97","C70"
"Cancers","C60-C97","C71"
"Cancers","C60-C97","C72"
"Cancers","C60-C97","C73"
"Cancers","C60-C97","C74"
"Cancers","C60-C97","C75"
"Cancers","C60-C97","C76"
"Cancers","C60-C97","C77"
"Cancers","C60-C97","C78"
"Cancers","C60-C97","C79"
"Cancers","C60-C97","C80"
"Cancers","C60-C97","C81"
"Cancers","C60-C97","C82"
"Cancers","C60-C97","C83"
"Cancers","C60-C97","C84"
"Cancers","C60-C97","C85"
"Cancers","C60-C97","C86"
"Cancers","C60-C97","C87"
"Cancers","C60-C97","C88"
"Cancers","C60-C97","C89"
"Cancers","C60-C97","C90"
"Cancers","C60-C97","C91"
"Cancers","C60-C97","C92"
"Cancers","C60-C97","C93"
"Cancers","C60-C97","C94"
"Cancers","C60-C97","C95"
"Cancers","C60-C97","C96"
"Cancers","C60-C97","C97"
"Cancers","D00-D48","D00"
"Cancers","D00-D48","D01"
"Cancers","D00-D48","D02"
"Cancers","D00-D48","D03"
"Cancers","D00-D48","D04"
"Cancers","D00-D48","D05"
"Cancers","D00-D48","D06"
"Cancers","D00-D48","D07"
"Cancers","D00-D48","D08"
"Cancers","D00-D48","D09"
"Cancers","D00-D48","D10"
"Cancers","D00-D48","D11"
"Cancers","D00-D48","D12"
"Cancers","D00-D48","D13"
"Cancers","D00-D48","D14"
"Cancers","D00-D48","D15"
"Cancers","D00-D48","D16"
"Cancers","D00-D48","D17"
"Cancers","D00-D48","D18"
"Cancers","D00-D48","D19"
"Cancers","D00-D48","D20"
"Cancers","D00-D48","D21"
"Cancers","D00-D48","D22"
"Cancers","D00-D48","D23"
"Cancers","D00-D48","D24"
"Cancers","D00-D48","D25"
"Cancers","D00-D48","D26"
"Cancers","D00-D48","D27"
"Cancers","D00-D48","D28"
"Cancers","D00-D48","D29"
"Cancers","D00-D48","D30"
"Cancers","D00-D48","D31"
"Cancers","D00-D48","D32"
"Cancers","D00-D48","D33"
"Cancers","D00-D48","D34"
"Cancers","D00-D48","D35"
"Cancers","D00-D48","D36"
"Cancers","D00-D48","D37"
"Cancers","D00-D48","D38"
"Cancers","D00-D48","D39"
"Cancers","D00-D48","D40"
"Cancers","D00-D48","D41"
"Cancers","D00-D48","D42"
"Cancers","D00-D48","D43"
"Cancers","D00-D48","D44"
"Cancers","D00-D48","D45"
"Cancers","D00-D48","D46"
"Cancers","D00-D48","D47"
"Cancers","D00-D48","D48"
"Nutritional deficiencies","D50-D53","D50"
"Nutritional deficiencies","D50-D53","D51"
"Nutritional deficiencies","D50-D53","D52"
"Nutritional deficiencies","D50-D53","D53"
"Other noncommunicable diseases","D55-D63","D55"
"Other noncommunicable diseases","D55-D63","D56"
"Other noncommunicable diseases","D55-D63","D57"
"Other noncommunicable diseases","D55-D63","D58"
"Other noncommunicable diseases","D55-D63","D59"
"Other noncommunicable diseases","D55-D63","D60"
"Other noncommunicable diseases","D55-D63","D61"
"Other noncommunicable diseases","D55-D63","D62"
"Other noncommunicable diseases","D55-D63","D63"
"Unspecified infections","D64","D64"
"Other noncommunicable diseases","D65-D83","D65"
"Other noncommunicable diseases","D65-D83","D66"
"Other noncommunicable diseases","D65-D83","D67"
"Other noncommunicable diseases","D65-D83","D68"
"Other noncommunicable diseases","D65-D83","D69"
"Other noncommunicable diseases","D65-D83","D70"
"Other noncommunicable diseases","D65-D83","D71"
"Other noncommunicable diseases","D65-D83","D72"
"Other noncommunicable diseases","D65-D83","D73"
"Other noncommunicable diseases","D65-D83","D74"
"Other noncommunicable diseases","D65-D83","D75"
"Other noncommunicable diseases","D65-D83","D76"
"Other noncommunicable diseases","D65-D83","D77"
"Other noncommunicable diseases","D65-D83","D78"
"Other noncommunicable diseases","D65-D83","D79"
"Other noncommunicable diseases","D65-D83","D80"
"Other noncommunicable diseases","D65-D83","D81"
"Other noncommunicable diseases","D65-D83","D82"
"Other noncommunicable diseases","D65-D83","D83"
"Unspecified infections","D84","D84"
"Other noncommunicable diseases","D86","D86"
"Other noncommunicable diseases","D89","D89"
"Cancers","D91","D91"
"Nutritional deficiencies","E00-E02","E00"
"Nutritional deficiencies","E00-E02","E01"
"Nutritional deficiencies","E00-E02","E02"
"Other noncommunicable diseases","E03-E07","E03"
"Other noncommunicable diseases","E03-E07","E04"
"Other noncommunicable diseases","E03-E07","E05"
"Other noncommunicable diseases","E03-E07","E06"
"Other noncommunicable diseases","E03-E07","E07"
"Diabetes mellitus","E10-E14","E10"
"Diabetes mellitus","E10-E14","E11"
"Diabetes mellitus","E10-E14","E12"
"Diabetes mellitus","E10-E14","E13"
"Diabetes mellitus","E10-E14","E14"
"Other noncommunicable diseases","E15-E35","E15"
"Other noncommunicable diseases","E15-E35","E16"
"Other noncommunicable diseases","E15-E35","E17"
"Other noncommunicable diseases","E15-E35","E18"
"Other noncommunicable diseases","E15-E35","E19"
"Other noncommunicable diseases","E15-E35","E20"
"Other noncommunicable diseases","E15-E35","E21"
"Other noncommunicable diseases","E15-E35","E22"
"Other noncommunicable diseases","E15-E35","E23"
"Other noncommunicable diseases","E15-E35","E24"
"Other noncommunicable diseases","E15-E35","E25"
"Other noncommunicable diseases","E15-E35","E26"
"Other noncommunicable diseases","E15-E35","E27"
"Other noncommunicable diseases","E15-E35","E28"
"Other noncommunicable diseases","E15-E35","E29"
"Other noncommunicable diseases","E15-E35","E30"
"Other noncommunicable diseases","E15-E35","E31"
"Other noncommunicable diseases","E15-E35","E32"
"Other noncommunicable diseases","E15-E35","E33"
"Other noncommunicable diseases","E15-E35","E34"
"Other noncommunicable diseases","E15-E35","E35"
"Nutritional deficiencies","E40-E46","E40"
"Nutritional deficiencies","E40-E46","E41"
"Nutritional deficiencies","E40-E46","E42"
"Nutritional deficiencies","E40-E46","E43"
"Nutritional deficiencies","E40-E46","E44"
"Nutritional deficiencies","E40-E46","E45"
"Nutritional deficiencies","E40-E46","E46"
"Nutritional deficiencies","E50-E64","E50"
"Nutritional deficiencies","E50-E64","E51"
"Nutritional deficiencies","E50-E64","E52"
"Nutritional deficiencies","E50-E64","E53"
"Nutritional deficiencies","E50-E64","E54"
"Nutritional deficiencies","E50-E64","E55"
"Nutritional deficiencies","E50-E64","E56"
"Nutritional deficiencies","E50-E64","E57"
"Nutritional deficiencies","E50-E64","E58"
"Nutritional deficiencies","E50-E64","E59"
"Nutritional deficiencies","E50-E64","E60"
"Nutritional deficiencies","E50-E64","E61"
"Nutritional deficiencies","E50-E64","E62"
"Nutritional deficiencies","E50-E64","E63"
"Nutritional deficiencies","E50-E64","E64"
"Other noncommunicable diseases","E65-E68","E65"
"Other noncommunicable diseases","E65-E68","E66"
"Other noncommunicable diseases","E65-E68","E67"
"Other noncommunicable diseases","E65-E68","E68"
"Other noncommunicable diseases","E70-E90","E70"
"Other noncommunicable diseases","E70-E90","E71"
"Other noncommunicable diseases","E70-E90","E72"
"Other noncommunicable diseases","E70-E90","E73"
"Other noncommunicable diseases","E70-E90","E74"
"Other noncommunicable diseases","E70-E90","E75"
"Other noncommunicable diseases","E70-E90","E76"
"Other noncommunicable diseases","E70-E90","E77"
"Other noncommunicable diseases","E70-E90","E78"
"Other noncommunicable diseases","E70-E90","E79"
"Other noncommunicable diseases","E70-E90","E80"
"Other noncommunicable diseases","E70-E90","E81"
"Other noncommunicable diseases","E70-E90","E82"
"Other noncommunicable diseases","E70-E90","E83"
"Other noncommunicable diseases","E70-E90","E84"
"Other noncommunicable diseases","E70-E90","E85"
"Other noncommunicable diseases","E70-E90","E86"
"Other noncommunicable diseases","E70-E90","E87"
"Other noncommunicable diseases","E70-E90","E88"
"Other noncommunicable diseases","E70-E90","E89"
"Other noncommunicable diseases","E70-E90","E90"
"Other noncommunicable diseases","F00-F09","F00"
"Other noncommunicable diseases","F00-F09","F01"
"Other noncommunicable diseases","F00-F09","F02"
"Other noncommunicable diseases","F00-F09","F03"
"Other noncommunicable diseases","F00-F09","F04"
"Other noncommunicable diseases","F00-F09","F05"
"Other noncommunicable diseases","F00-F09","F06"
"Other noncommunicable diseases","F00-F09","F07"
"Other noncommunicable diseases","F00-F09","F08"
"Other noncommunicable diseases","F00-F09","F09"
"Liver and alcohol related diseases","F10","F10"
"Other noncommunicable diseases","F11-F52","F11"
"Other noncommunicable diseases","F11-F52","F12"
"Other noncommunicable diseases","F11-F52","F13"
"Other noncommunicable diseases","F11-F52","F14"
"Other noncommunicable diseases","F11-F52","F15"
"Other noncommunicable diseases","F11-F52","F16"
"Other noncommunicable diseases","F11-F52","F17"
"Other noncommunicable diseases","F11-F52","F18"
"Other noncommunicable diseases","F11-F52","F19"
"Other noncommunicable diseases","F11-F52","F20"
"Other noncommunicable diseases","F11-F52","F21"
"Other noncommunicable diseases","F11-F52","F22"
"Other noncommunicable diseases","F11-F52","F23"
"Other noncommunicable diseases","F11-F52","F24"
"Other noncommunicable diseases","F11-F52","F25"
"Other noncommunicable diseases","F11-F52","F26"
"Other noncommunicable diseases","F11-F52","F27"
"Other noncommunicable diseases","F11-F52","F28"
"Other noncommunicable diseases","F11-F52","F29"
"Other noncommunicable diseases","F11-F52","F30"
"Other noncommunicable diseases","F11-F52","F31"
"Other noncommunicable diseases","F11-F52","F32"
"Other noncommunicable diseases","F11-F52","F33"
"Other noncommunicable diseases","F11-F52","F34"
"Other noncommunicable diseases","F11-F52","F35"
"Other noncommunicable diseases","F11-F52","F36"
"Other noncommunicable diseases","F11-F52","F37"
"Other noncommunicable diseases","F11-F52","F38"
"Other noncommunicable diseases","F11-F52","F39"
"Other noncommunicable diseases","F11-F52","F40"
"Other noncommunicable diseases","F11-F52","F41"
"Other noncommunicable diseases","F11-F52","F42"
"Other noncommunicable diseases","F11-F52","F43"
"Other noncommunicable diseases","F11-F52","F44"
"Other noncommunicable diseases","F11-F52","F45"
"Other noncommunicable diseases","F11-F52","F46"
"Other noncommunicable diseases","F11-F52","F47"
"Other noncommunicable diseases","F11-F52","F48"
"Other noncommunicable diseases","F11-F52","F49"
"Other noncommunicable diseases","F11-F52","F50"
"Other noncommunicable diseases","F11-F52","F51"
"Other noncommunicable diseases","F11-F52","F52"
"Maternal conditions","F53","F53"
"Other noncommunicable diseases","F54-F99","F54"
"Other noncommunicable diseases","F54-F99","F55"
"Other noncommunicable diseases","F54-F99","F56"
"Other noncommunicable diseases","F54-F99","F57"
"Other noncommunicable diseases","F54-F99","F58"
"Other noncommunicable diseases","F54-F99","F59"
"Other noncommunicable diseases","F54-F99","F60"
"Other noncommunicable diseases","F54-F99","F61"
"Other noncommunicable diseases","F54-F99","F62"
"Other noncommunicable diseases","F54-F99","F63"
"Other noncommunicable diseases","F54-F99","F64"
"Other noncommunicable diseases","F54-F99","F65"
"Other noncommunicable diseases","F54-F99","F66"
"Other noncommunicable diseases","F54-F99","F67"
"Other noncommunicable diseases","F54-F99","F68"
"Other noncommunicable diseases","F54-F99","F69"
"Other noncommunicable diseases","F54-F99","F70"
"Other noncommunicable diseases","F54-F99","F71"
"Other noncommunicable diseases","F54-F99","F72"
"Other noncommunicable diseases","F54-F99","F73"
"Other noncommunicable diseases","F54-F99","F74"
"Other noncommunicable diseases","F54-F99","F75"
"Other noncommunicable diseases","F54-F99","F76"
"Other noncommunicable diseases","F54-F99","F77"
"Other noncommunicable diseases","F54-F99","F78"
"Other noncommunicable diseases","F54-F99","F79"
"Other noncommunicable diseases","F54-F99","F80"
"Other noncommunicable diseases","F54-F99","F81"
"Other noncommunicable diseases","F54-F99","F82"
"Other noncommunicable diseases","F54-F99","F83"
"Other noncommunicable diseases","F54-F99","F84"
"Other noncommunicable diseases","F54-F99","F85"
"Other noncommunicable diseases","F54-F99","F86"
"Other noncommunicable diseases","F54-F99","F87"
"Other noncommunicable diseases","F54-F99","F88"
"Other noncommunicable diseases","F54-F99","F89"
"Other noncommunicable diseases","F54-F99","F90"
"Other noncommunicable diseases","F54-F99","F91"
"Other noncommunicable diseases","F54-F99","F92"
"Other noncommunicable diseases","F54-F99","F93"
"Other noncommunicable diseases","F54-F99","F94"
"Other noncommunicable diseases","F54-F99","F95"
"Other noncommunicable diseases","F54-F99","F96"
"Other noncommunicable diseases","F54-F99","F97"
"Other noncommunicable diseases","F54-F99","F98"
"Other noncommunicable diseases","F54-F99","F99"
"Unspecified infections","G00-G09","G00"
"Unspecified infections","G00-G09","G01"
"Unspecified infections","G00-G09","G02"
"Unspecified infections","G00-G09","G03"
"Unspecified infections","G00-G09","G04"
"Unspecified infections","G00-G09","G05"
"Unspecified infections","G00-G09","G06"
"Unspecified infections","G00-G09","G07"
"Unspecified infections","G00-G09","G08"
"Unspecified infections","G00-G09","G09"
"Other noncommunicable diseases","G10-G37","G10"
"Other noncommunicable diseases","G10-G37","G11"
"Other noncommunicable diseases","G10-G37","G12"
"Other noncommunicable diseases","G10-G37","G13"
"Other noncommunicable diseases","G10-G37","G14"
"Other noncommunicable diseases","G10-G37","G15"
"Other noncommunicable diseases","G10-G37","G16"
"Other noncommunicable diseases","G10-G37","G17"
"Other noncommunicable diseases","G10-G37","G18"
"Other noncommunicable diseases","G10-G37","G19"
"Other noncommunicable diseases","G10-G37","G20"
"Other noncommunicable diseases","G10-G37","G21"
"Other noncommunicable diseases","G10-G37","G22"
"Other noncommunicable diseases","G10-G37","G23"
"Other noncommunicable diseases","G10-G37","G24"
"Other noncommunicable diseases","G10-G37","G25"
"Other noncommunicable diseases","G10-G37","G26"
"Other noncommunicable diseases","G10-G37","G27"
"Other noncommunicable diseases","G10-G37","G28"
"Other noncommunicable diseases","G10-G37","G29"
"Other noncommunicable diseases","G10-G37","G30"
"Other noncommunicable diseases","G10-G37","G31"
"Other noncommunicable diseases","G10-G37","G32"
"Other noncommunicable diseases","G10-G37","G33"
"Other noncommunicable diseases","G10-G37","G34"
"Other noncommunicable diseases","G10-G37","G35"
"Other noncommunicable diseases","G10-G37","G36"
"Other noncommunicable diseases","G10-G37","G37"
"Other noncommunicable diseases","G40-G41","G40"
"Other noncommunicable diseases","G40-G41","G41"
"Other noncommunicable diseases","G43-G44","G43"
"Other noncommunicable diseases","G43-G44","G44"
"Stroke","G45-G46","G45"
"Stroke","G45-G46","G46"
"Other noncommunicable diseases","G50-G80","G50"
"Other noncommunicable diseases","G50-G80","G51"
"Other noncommunicable diseases","G50-G80","G52"
"Other noncommunicable diseases","G50-G80","G53"
"Other noncommunicable diseases","G50-G80","G54"
"Other noncommunicable diseases","G50-G80","G55"
"Other noncommunicable diseases","G50-G80","G56"
"Other noncommunicable diseases","G50-G80","G57"
"Other noncommunicable diseases","G50-G80","G58"
"Other noncommunicable diseases","G50-G80","G59"
"Other noncommunicable diseases","G50-G80","G60"
"Other noncommunicable diseases","G50-G80","G61"
"Other noncommunicable diseases","G50-G80","G62"
"Other noncommunicable diseases","G50-G80","G63"
"Other noncommunicable diseases","G50-G80","G64"
"Other noncommunicable diseases","G50-G80","G65"
"Other noncommunicable diseases","G50-G80","G66"
"Other noncommunicable diseases","G50-G80","G67"
"Other noncommunicable diseases","G50-G80","G68"
"Other noncommunicable diseases","G50-G80","G69"
"Other noncommunicable diseases","G50-G80","G70"
"Other noncommunicable diseases","G50-G80","G71"
"Other noncommunicable diseases","G50-G80","G72"
"Other noncommunicable diseases","G50-G80","G73"
"Other noncommunicable diseases","G50-G80","G74"
"Other noncommunicable diseases","G50-G80","G75"
"Other noncommunicable diseases","G50-G80","G76"
"Other noncommunicable diseases","G50-G80","G77"
"Other noncommunicable diseases","G50-G80","G78"
"Other noncommunicable diseases","G50-G80","G79"
"Other noncommunicable diseases","G50-G80","G80"
"Stroke","G81-G83","G81"
"Stroke","G81-G83","G82"
"Stroke","G81-G83","G83"
"Other noncommunicable diseases","G84-G99","G84"
"Other noncommunicable diseases","G84-G99","G85"
"Other noncommunicable diseases","G84-G99","G86"
"Other noncommunicable diseases","G84-G99","G87"
"Other noncommunicable diseases","G84-G99","G88"
"Other noncommunicable diseases","G84-G99","G89"
"Other noncommunicable diseases","G84-G99","G90"
"Other noncommunicable diseases","G84-G99","G91"
"Other noncommunicable diseases","G84-G99","G92"
"Other noncommunicable diseases","G84-G99","G93"
"Other noncommunicable diseases","G84-G99","G94"
"Other noncommunicable diseases","G84-G99","G95"
"Other noncommunicable diseases","G84-G99","G96"
"Other noncommunicable diseases","G84-G99","G97"
"Other noncommunicable diseases","G84-G99","G98"
"Other noncommunicable diseases","G84-G99","G99"
"Other noncommunicable diseases","H00-H06","H00"
"Other noncommunicable diseases","H00-H06","H01"
"Other noncommunicable diseases","H00-H06","H02"
"Other noncommunicable diseases","H00-H06","H03"
"Other noncommunicable diseases","H00-H06","H04"
"Other noncommunicable diseases","H00-H06","H05"
"Other noncommunicable diseases","H00-H06","H06"
"Unspecified infections","H10","H10"
"Other noncommunicable diseases","H11-H59","H11"
"Other noncommunicable diseases","H11-H59","H12"
"Other noncommunicable diseases","H11-H59","H13"
"Other noncommunicable diseases","H11-H59","H14"
"Other noncommunicable diseases","H11-H59","H15"
"Other noncommunicable diseases","H11-H59","H16"
"Other noncommunicable diseases","H11-H59","H17"
"Other noncommunicable diseases","H11-H59","H18"
"Other noncommunicable diseases","H11-H59","H19"
"Other noncommunicable diseases","H11-H59","H20"
"Other noncommunicable diseases","H11-H59","H21"
"Other noncommunicable diseases","H11-H59","H22"
"Other noncommunicable diseases","H11-H59","H23"
"Other noncommunicable diseases","H11-H59","H24"
"Other noncommunicable diseases","H11-H59","H25"
"Other noncommunicable diseases","H11-H59","H26"
"Other noncommunicable diseases","H11-H59","H27"
"Other noncommunicable diseases","H11-H59","H28"
"Other noncommunicable diseases","H11-H59","H29"
"Other noncommunicable diseases","H11-H59","H30"
"Other noncommunicable diseases","H11-H59","H31"
"Other noncommunicable diseases","H11-H59","H32"
"Other noncommunicable diseases","H11-H59","H33"
"Other noncommunicable diseases","H11-H59","H34"
"Other noncommunicable diseases","H11-H59","H35"
"Other noncommunicable diseases","H11-H59","H36"
"Other noncommunicable diseases","H11-H59","H37"
"Other noncommunicable diseases","H11-H59","H38"
"Other noncommunicable diseases","H11-H59","H39"
"Other noncommunicable diseases","H11-H59","H40"
"Other noncommunicable diseases","H11-H59","H41"
"Other noncommunicable diseases","H11-H59","H42"
"Other noncommunicable diseases","H11-H59","H43"
"Other noncommunicable diseases","H11-H59","H44"
"Other noncommunicable diseases","H11-H59","H45"
"Other noncommunicable diseases","H11-H59","H46"
"Other noncommunicable diseases","H11-H59","H47"
"Other noncommunicable diseases","H11-H59","H48"
"Other noncommunicable diseases","H11-H59","H49"
"Other noncommunicable diseases","H11-H59","H50"
"Other noncommunicable diseases","H11-H59","H51"
"Other noncommunicable diseases","H11-H59","H52"
"Other noncommunicable diseases","H11-H59","H53"
"Other noncommunicable diseases","H11-H59","H54"
"Other noncommunicable diseases","H11-H59","H55"
"Other noncommunicable diseases","H11-H59","H56"
"Other noncommunicable diseases","H11-H59","H57"
"Other noncommunicable diseases","H11-H59","H58"
"Other noncommunicable diseases","H11-H59","H59"
"Unspecified infections","H60","H60"
"Other noncommunicable diseases","H61-H62","H61"
"Other noncommunicable diseases","H61-H62","H62"
"Acute respiratory infections","H65-H68","H65"
"Acute respiratory infections","H65-H68","H66"
"Acute respiratory infections","H65-H68","H67"
"Acute respiratory infections","H65-H68","H68"
"Other noncommunicable diseases","H69","H69"
"Acute respiratory infections","H70-H71","H70"
"Acute respiratory infections","H70-H71","H71"
"Other noncommunicable diseases","H72-H95","H72"
"Other noncommunicable diseases","H72-H95","H73"
"Other noncommunicable diseases","H72-H95","H74"
"Other noncommunicable diseases","H72-H95","H75"
"Other noncommunicable diseases","H72-H95","H76"
"Other noncommunicable diseases","H72-H95","H77"
"Other noncommunicable diseases","H72-H95","H78"
"Other noncommunicable diseases","H72-H95","H79"
"Other noncommunicable diseases","H72-H95","H80"
"Other noncommunicable diseases","H72-H95","H81"
"Other noncommunicable diseases","H72-H95","H82"
"Other noncommunicable diseases","H72-H95","H83"
"Other noncommunicable diseases","H72-H95","H84"
"Other noncommunicable diseases","H72-H95","H85"
"Other noncommunicable diseases","H72-H95","H86"
"Other noncommunicable diseases","H72-H95","H87"
"Other noncommunicable diseases","H72-H95","H88"
"Other noncommunicable diseases","H72-H95","H89"
"Other noncommunicable diseases","H72-H95","H90"
"Other noncommunicable diseases","H72-H95","H91"
"Other noncommunicable diseases","H72-H95","H92"
"Other noncommunicable diseases","H72-H95","H93"
"Other noncommunicable diseases","H72-H95","H94"
"Other noncommunicable diseases","H72-H95","H95"
"Other cardiovascular diseases","I00-I03","I00"
"Other cardiovascular diseases","I00-I03","I01"
"Other cardiovascular diseases","I00-I03","I02"
"Other cardiovascular diseases","I00-I03","I03"
"Other cardiovascular diseases","I05-I15","I05"
"Other cardiovascular diseases","I05-I15","I06"
"Other cardiovascular diseases","I05-I15","I07"
"Other cardiovascular diseases","I05-I15","I08"
"Other cardiovascular diseases","I05-I15","I09"
"Other cardiovascular diseases","I05-I15","I10"
"Other cardiovascular diseases","I05-I15","I11"
"Other cardiovascular diseases","I05-I15","I12"
"Other cardiovascular diseases","I05-I15","I13"
"Other cardiovascular diseases","I05-I15","I14"
"Other cardiovascular diseases","I05-I15","I15"
"Ischemic heart disease","I20-I25","I20"
"Ischemic heart disease","I20-I25","I21"
"Ischemic heart disease","I20-I25","I22"
"Ischemic heart disease","I20-I25","I23"
"Ischemic heart disease","I20-I25","I24"
"Ischemic heart disease","I20-I25","I25"
"Other cardiovascular diseases","I26-I28","I26"
"Other cardiovascular diseases","I26-I28","I27"
"Other cardiovascular diseases","I26-I28","I28"
"Unspecified infections","I30","I30"
"Other cardiovascular diseases","I31","I31"
"Unspecified infections","I32-I33","I32"
"Unspecified infections","I32-I33","I33"
"Other cardiovascular diseases","I34-I52","I34"
"Other cardiovascular diseases","I34-I52","I35"
"Other cardiovascular diseases","I34-I52","I36"
"Other cardiovascular diseases","I34-I52","I37"
"Other cardiovascular diseases","I34-I52","I38"
"Other cardiovascular diseases","I34-I52","I39"
"Other cardiovascular diseases","I34-I52","I40"
"Other cardiovascular diseases","I34-I52","I41"
"Other cardiovascular diseases","I34-I52","I42"
"Other cardiovascular diseases","I34-I52","I43"
"Other cardiovascular diseases","I34-I52","I44"
"Other cardiovascular diseases","I34-I52","I45"
"Other cardiovascular diseases","I34-I52","I46"
"Other cardiovascular diseases","I34-I52","I47"
"Other cardiovascular diseases","I34-I52","I48"
"Other cardiovascular diseases","I34-I52","I49"
"Other cardiovascular diseases","I34-I52","I50"
"Other cardiovascular diseases","I34-I52","I51"
"Other cardiovascular diseases","I34-I52","I52"
"Stroke","I60-I69","I60"
"Stroke","I60-I69","I61"
"Stroke","I60-I69","I62"
"Stroke","I60-I69","I63"
"Stroke","I60-I69","I64"
"Stroke","I60-I69","I65"
"Stroke","I60-I69","I66"
"Stroke","I60-I69","I67"
"Stroke","I60-I69","I68"
"Stroke","I60-I69","I69"
"Other cardiovascular diseases","I70-I99","I70"
"Other cardiovascular diseases","I70-I99","I71"
"Other cardiovascular diseases","I70-I99","I72"
"Other cardiovascular diseases","I70-I99","I73"
"Other cardiovascular diseases","I70-I99","I74"
"Other cardiovascular diseases","I70-I99","I75"
"Other cardiovascular diseases","I70-I99","I76"
"Other cardiovascular diseases","I70-I99","I77"
"Other cardiovascular diseases","I70-I99","I78"
"Other cardiovascular diseases","I70-I99","I79"
"Other cardiovascular diseases","I70-I99","I80"
"Other cardiovascular diseases","I70-I99","I81"
"Other cardiovascular diseases","I70-I99","I82"
"Other cardiovascular diseases","I70-I99","I83"
"Other cardiovascular diseases","I70-I99","I84"
"Other cardiovascular diseases","I70-I99","I85"
"Other cardiovascular diseases","I70-I99","I86"
"Other cardiovascular diseases","I70-I99","I87"
"Other cardiovascular diseases","I70-I99","I88"
"Other cardiovascular diseases","I70-I99","I89"
"Other cardiovascular diseases","I70-I99","I90"
"Other cardiovascular diseases","I70-I99","I91"
"Other cardiovascular diseases","I70-I99","I92"
"Other cardiovascular diseases","I70-I99","I93"
"Other cardiovascular diseases","I70-I99","I94"
"Other cardiovascular diseases","I70-I99","I95"
"Other cardiovascular diseases","I70-I99","I96"
"Other cardiovascular diseases","I70-I99","I97"
"Other cardiovascular diseases","I70-I99","I98"
"Other cardiovascular diseases","I70-I99","I99"
"Acute respiratory infections","J00-J22","J00"
"Acute respiratory infections","J00-J22","J01"
"Acute respiratory infections","J00-J22","J02"
"Acute respiratory infections","J00-J22","J03"
"Acute respiratory infections","J00-J22","J04"
"Acute respiratory infections","J00-J22","J05"
"Acute respiratory infections","J00-J22","J06"
"Acute respiratory infections","J00-J22","J07"
"Acute respiratory infections","J00-J22","J08"
"Acute respiratory infections","J00-J22","J09"
"Acute respiratory infections","J00-J22","J10"
"Acute respiratory infections","J00-J22","J11"
"Acute respiratory infections","J00-J22","J12"
"Acute respiratory infections","J00-J22","J13"
"Acute respiratory infections","J00-J22","J14"
"Acute respiratory infections","J00-J22","J15"
"Acute respiratory infections","J00-J22","J16"
"Acute respiratory infections","J00-J22","J17"
"Acute respiratory infections","J00-J22","J18"
"Acute respiratory infections","J00-J22","J19"
"Acute respiratory infections","J00-J22","J20"
"Acute respiratory infections","J00-J22","J21"
"Acute respiratory infections","J00-J22","J22"
"Chronic respiratory diseases","J30-J31","J30"
"Chronic respiratory diseases","J30-J31","J31"
"Acute respiratory infections","J32","J32"
"Chronic respiratory diseases","J33-J35","J33"
"Chronic respiratory diseases","J33-J35","J34"
"Chronic respiratory diseases","J33-J35","J35"
"Acute respiratory infections","J36","J36"
"Chronic respiratory diseases","J37-J64","J37"
"Chronic respiratory diseases","J37-J64","J38"
"Chronic respiratory diseases","J37-J64","J39"
"Chronic respiratory diseases","J37-J64","J40"
"Chronic respiratory diseases","J37-J64","J41"
"Chronic respiratory diseases","J37-J64","J42"
"Chronic respiratory diseases","J37-J64","J43"
"Chronic respiratory diseases","J37-J64","J44"
"Chronic respiratory diseases","J37-J64","J45"
"Chronic respiratory diseases","J37-J64","J46"
"Chronic respiratory diseases","J37-J64","J47"
"Chronic respiratory diseases","J37-J64","J48"
"Chronic respiratory diseases","J37-J64","J49"
"Chronic respiratory diseases","J37-J64","J50"
"Chronic respiratory diseases","J37-J64","J51"
"Chronic respiratory diseases","J37-J64","J52"
"Chronic respiratory diseases","J37-J64","J53"
"Chronic respiratory diseases","J37-J64","J54"
"Chronic respiratory diseases","J37-J64","J55"
"Chronic respiratory diseases","J37-J64","J56"
"Chronic respiratory diseases","J37-J64","J57"
"Chronic respiratory diseases","J37-J64","J58"
"Chronic respiratory diseases","J37-J64","J59"
"Chronic respiratory diseases","J37-J64","J60"
"Chronic respiratory diseases","J37-J64","J61"
"Chronic respiratory diseases","J37-J64","J62"
"Chronic respiratory diseases","J37-J64","J63"
"Chronic respiratory diseases","J37-J64","J64"
"Tuberculosis","J65","J65"
"Chronic respiratory diseases","J66-J84","J66"
"Chronic respiratory diseases","J66-J84","J67"
"Chronic respiratory diseases","J66-J84","J68"
"Chronic respiratory diseases","J66-J84","J69"
"Chronic respiratory diseases","J66-J84","J70"
"Chronic respiratory diseases","J66-J84","J71"
"Chronic respiratory diseases","J66-J84","J72"
"Chronic respiratory diseases","J66-J84","J73"
"Chronic respiratory diseases","J66-J84","J74"
"Chronic respiratory diseases","J66-J84","J75"
"Chronic respiratory diseases","J66-J84","J76"
"Chronic respiratory diseases","J66-J84","J77"
"Chronic respiratory diseases","J66-J84","J78"
"Chronic respiratory diseases","J66-J84","J79"
"Chronic respiratory diseases","J66-J84","J80"
"Chronic respiratory diseases","J66-J84","J81"
"Chronic respiratory diseases","J66-J84","J82"
"Chronic respiratory diseases","J66-J84","J83"
"Chronic respiratory diseases","J66-J84","J84"
"Acute respiratory infections","J85-J86","J85"
"Acute respiratory infections","J85-J86","J86"
"Chronic respiratory diseases","J90-J99","J90"
"Chronic respiratory diseases","J90-J99","J91"
"Chronic respiratory diseases","J90-J99","J92"
"Chronic respiratory diseases","J90-J99","J93"
"Chronic respiratory diseases","J90-J99","J94"
"Chronic respiratory diseases","J90-J99","J95"
"Chronic respiratory diseases","J90-J99","J96"
"Chronic respiratory diseases","J90-J99","J97"
"Chronic respiratory diseases","J90-J99","J98"
"Chronic respiratory diseases","J90-J99","J99"
"Other noncommunicable diseases","K00-K01","K00"
"Other noncommunicable diseases","K00-K01","K01"
"Unspecified infections","K02","K02"
"Other noncommunicable diseases","K03","K03"
"Unspecified infections","K04-K05","K04"
"Unspecified infections","K04-K05","K05"
"Other noncommunicable diseases","K06-K14","K06"
"Other noncommunicable diseases","K06-K14","K07"
"Other noncommunicable diseases","K06-K14","K08"
"Other noncommunicable diseases","K06-K14","K09"
"Other noncommunicable diseases","K06-K14","K10"
"Other noncommunicable diseases","K06-K14","K11"
"Other noncommunicable diseases","K06-K14","K12"
"Other noncommunicable diseases","K06-K14","K13"
"Other noncommunicable diseases","K06-K14","K14"
"Other noncommunicable diseases","K20-K31","K20"
"Other noncommunicable diseases","K20-K31","K21"
"Other noncommunicable diseases","K20-K31","K22"
"Other noncommunicable diseases","K20-K31","K23"
"Other noncommunicable diseases","K20-K31","K24"
"Other noncommunicable diseases","K20-K31","K25"
"Other noncommunicable diseases","K20-K31","K26"
"Other noncommunicable diseases","K20-K31","K27"
"Other noncommunicable diseases","K20-K31","K28"
"Other noncommunicable diseases","K20-K31","K29"
"Other noncommunicable diseases","K20-K31","K30"
"Other noncommunicable diseases","K20-K31","K31"
"Other noncommunicable diseases","K35-K38","K35"
"Other noncommunicable diseases","K35-K38","K36"
"Other noncommunicable diseases","K35-K38","K37"
"Other noncommunicable diseases","K35-K38","K38"
"Other noncommunicable diseases","K40-K60","K40"
"Other noncommunicable diseases","K40-K60","K41"
"Other noncommunicable diseases","K40-K60","K42"
"Other noncommunicable diseases","K40-K60","K43"
"Other noncommunicable diseases","K40-K60","K44"
"Other noncommunicable diseases","K40-K60","K45"
"Other noncommunicable diseases","K40-K60","K46"
"Other noncommunicable diseases","K40-K60","K47"
"Other noncommunicable diseases","K40-K60","K48"
"Other noncommunicable diseases","K40-K60","K49"
"Other noncommunicable diseases","K40-K60","K50"
"Other noncommunicable diseases","K40-K60","K51"
"Other noncommunicable diseases","K40-K60","K52"
"Other noncommunicable diseases","K40-K60","K53"
"Other noncommunicable diseases","K40-K60","K54"
"Other noncommunicable diseases","K40-K60","K55"
"Other noncommunicable diseases","K40-K60","K56"
"Other noncommunicable diseases","K40-K60","K57"
"Other noncommunicable diseases","K40-K60","K58"
"Other noncommunicable diseases","K40-K60","K59"
"Other noncommunicable diseases","K40-K60","K60"
"Unspecified infections","K61","K61"
"Other noncommunicable diseases","K62-K64","K62"
"Other noncommunicable diseases","K62-K64","K63"
"Other noncommunicable diseases","K62-K64","K64"
"Unspecified infections","K65","K65"
"Other noncommunicable diseases","K66","K66"
"Unspecified infections","K67","K67"
"Liver and alcohol related diseases","K70-K77","K70"
"Liver and alcohol related diseases","K70-K77","K71"
"Liver and alcohol related diseases","K70-K77","K72"
"Liver and alcohol related diseases","K70-K77","K73"
"Liver and alcohol related diseases","K70-K77","K74"
"Liver and alcohol related diseases","K70-K77","K75"
"Liver and alcohol related diseases","K70-K77","K76"
"Liver and alcohol related diseases","K70-K77","K77"
"Other noncommunicable diseases","K78-K80","K78"
"Other noncommunicable diseases","K78-K80","K79"
"Other noncommunicable diseases","K78-K80","K80"
"Unspecified infections","K81","K81"
"Other noncommunicable diseases","K82-K93","K82"
"Other noncommunicable diseases","K82-K93","K83"
"Other noncommunicable diseases","K82-K93","K84"
"Other noncommunicable diseases","K82-K93","K85"
"Other noncommunicable diseases","K82-K93","K86"
"Other noncommunicable diseases","K82-K93","K87"
"Other noncommunicable diseases","K82-K93","K88"
"Other noncommunicable diseases","K82-K93","K89"
"Other noncommunicable diseases","K82-K93","K90"
"Other noncommunicable diseases","K82-K93","K91"
"Other noncommunicable diseases","K82-K93","K92"
"Other noncommunicable diseases","K82-K93","K93"
"Unspecified infections","L00-L04","L00"
"Unspecified infections","L00-L04","L01"
"Unspecified infections","L00-L04","L02"
"Unspecified infections","L00-L04","L03"
"Unspecified infections","L00-L04","L04"
"Other noncommunicable diseases","L05","L05"
"Unspecified infections","L08","L08"
"Other noncommunicable diseases","L10-L99","L10"
"Other noncommunicable diseases","L10-L99","L11"
"Other noncommunicable diseases","L10-L99","L12"
"Other noncommunicable diseases","L10-L99","L13"
"Other noncommunicable diseases","L10-L99","L14"
"Other noncommunicable diseases","L10-L99","L15"
"Other noncommunicable diseases","L10-L99","L16"
"Other noncommunicable diseases","L10-L99","L17"
"Other noncommunicable diseases","L10-L99","L18"
"Other noncommunicable diseases","L10-L99","L19"
"Other noncommunicable diseases","L10-L99","L20"
"Other noncommunicable diseases","L10-L99","L21"
"Other noncommunicable diseases","L10-L99","L22"
"Other noncommunicable diseases","L10-L99","L23"
"Other noncommunicable diseases","L10-L99","L24"
"Other noncommunicable diseases","L10-L99","L25"
"Other noncommunicable diseases","L10-L99","L26"
"Other noncommunicable diseases","L10-L99","L27"
"Other noncommunicable diseases","L10-L99","L28"
"Other noncommunicable diseases","L10-L99","L29"
"Other noncommunicable diseases","L10-L99","L30"
"Other noncommunicable diseases","L10-L99","L31"
"Other noncommunicable diseases","L10-L99","L32"
"Other noncommunicable diseases","L10-L99","L33"
"Other noncommunicable diseases","L10-L99","L34"
"Other noncommunicable diseases","L10-L99","L35"
"Other noncommunicable diseases","L10-L99","L36"
"Other noncommunicable diseases","L10-L99","L37"
"Other noncommunicable diseases","L10-L99","L38"
"Other noncommunicable diseases","L10-L99","L39"
"Other noncommunicable diseases","L10-L99","L40"
"Other noncommunicable diseases","L10-L99","L41"
"Other noncommunicable diseases","L10-L99","L42"
"Other noncommunicable diseases","L10-L99","L43"
"Other noncommunicable diseases","L10-L99","L44"
"Other noncommunicable diseases","L10-L99","L45"
"Other noncommunicable diseases","L10-L99","L46"
"Other noncommunicable diseases","L10-L99","L47"
"Other noncommunicable diseases","L10-L99","L48"
"Other noncommunicable diseases","L10-L99","L49"
"Other noncommunicable diseases","L10-L99","L50"
"Other noncommunicable diseases","L10-L99","L51"
"Other noncommunicable diseases","L10-L99","L52"
"Other noncommunicable diseases","L10-L99","L53"
"Other noncommunicable diseases","L10-L99","L54"
"Other noncommunicable diseases","L10-L99","L55"
"Other noncommunicable diseases","L10-L99","L56"
"Other noncommunicable diseases","L10-L99","L57"
"Other noncommunicable diseases","L10-L99","L58"
"Other noncommunicable diseases","L10-L99","L59"
"Other noncommunicable diseases","L10-L99","L60"
"Other noncommunicable diseases","L10-L99","L61"
"Other noncommunicable diseases","L10-L99","L62"
"Other noncommunicable diseases","L10-L99","L63"
"Other noncommunicable diseases","L10-L99","L64"
"Other noncommunicable diseases","L10-L99","L65"
"Other noncommunicable diseases","L10-L99","L66"
"Other noncommunicable diseases","L10-L99","L67"
"Other noncommunicable diseases","L10-L99","L68"
"Other noncommunicable diseases","L10-L99","L69"
"Other noncommunicable diseases","L10-L99","L70"
"Other noncommunicable diseases","L10-L99","L71"
"Other noncommunicable diseases","L10-L99","L72"
"Other noncommunicable diseases","L10-L99","L73"
"Other noncommunicable diseases","L10-L99","L74"
"Other noncommunicable diseases","L10-L99","L75"
"Other noncommunicable diseases","L10-L99","L76"
"Other noncommunicable diseases","L10-L99","L77"
"Other noncommunicable diseases","L10-L99","L78"
"Other noncommunicable diseases","L10-L99","L79"
"Other noncommunicable diseases","L10-L99","L80"
"Other noncommunicable diseases","L10-L99","L81"
"Other noncommunicable diseases","L10-L99","L82"
"Other noncommunicable diseases","L10-L99","L83"
"Other noncommunicable diseases","L10-L99","L84"
"Other noncommunicable diseases","L10-L99","L85"
"Other noncommunicable diseases","L10-L99","L86"
"Other noncommunicable diseases","L10-L99","L87"
"Other noncommunicable diseases","L10-L99","L88"
"Other noncommunicable diseases","L10-L99","L89"
"Other noncommunicable diseases","L10-L99","L90"
"Other noncommunicable diseases","L10-L99","L91"
"Other noncommunicable diseases","L10-L99","L92"
"Other noncommunicable diseases","L10-L99","L93"
"Other noncommunicable diseases","L10-L99","L94"
"Other noncommunicable diseases","L10-L99","L95"
"Other noncommunicable diseases","L10-L99","L96"
"Other noncommunicable diseases","L10-L99","L97"
"Other noncommunicable diseases","L10-L99","L98"
"Other noncommunicable diseases","L10-L99","L99"
"Unspecified infections","M00-M01","M00"
"Unspecified infections","M00-M01","M01"
"Other noncommunicable diseases","M02-M54","M02"
"Other noncommunicable diseases","M02-M54","M03"
"Other noncommunicable diseases","M02-M54","M04"
"Other noncommunicable diseases","M02-M54","M05"
"Other noncommunicable diseases","M02-M54","M06"
"Other noncommunicable diseases","M02-M54","M07"
"Other noncommunicable diseases","M02-M54","M08"
"Other noncommunicable diseases","M02-M54","M09"
"Other noncommunicable diseases","M02-M54","M10"
"Other noncommunicable diseases","M02-M54","M11"
"Other noncommunicable diseases","M02-M54","M12"
"Other noncommunicable diseases","M02-M54","M13"
"Other noncommunicable diseases","M02-M54","M14"
"Other noncommunicable diseases","M02-M54","M15"
"Other noncommunicable diseases","M02-M54","M16"
"Other noncommunicable diseases","M02-M54","M17"
"Other noncommunicable diseases","M02-M54","M18"
"Other noncommunicable diseases","M02-M54","M19"
"Other noncommunicable diseases","M02-M54","M20"
"Other noncommunicable diseases","M02-M54","M21"
"Other noncommunicable diseases","M02-M54","M22"
"Other noncommunicable diseases","M02-M54","M23"
"Other noncommunicable diseases","M02-M54","M24"
"Other noncommunicable diseases","M02-M54","M25"
"Other noncommunicable diseases","M02-M54","M26"
"Other noncommunicable diseases","M02-M54","M27"
"Other noncommunicable diseases","M02-M54","M28"
"Other noncommunicable diseases","M02-M54","M29"
"Other noncommunicable diseases","M02-M54","M30"
"Other noncommunicable diseases","M02-M54","M31"
"Other noncommunicable diseases","M02-M54","M32"
"Other noncommunicable diseases","M02-M54","M33"
"Other noncommunicable diseases","M02-M54","M34"
"Other noncommunicable diseases","M02-M54","M35"
"Other noncommunicable diseases","M02-M54","M36"
"Other noncommunicable diseases","M02-M54","M37"
"Other noncommunicable diseases","M02-M54","M38"
"Other noncommunicable diseases","M02-M54","M39"
"Other noncommunicable diseases","M02-M54","M40"
"Other noncommunicable diseases","M02-M54","M41"
"Other noncommunicable diseases","M02-M54","M42"
"Other noncommunicable diseases","M02-M54","M43"
"Other noncommunicable diseases","M02-M54","M44"
"Other noncommunicable diseases","M02-M54","M45"
"Other noncommunicable diseases","M02-M54","M46"
"Other noncommunicable diseases","M02-M54","M47"
"Other noncommunicable diseases","M02-M54","M48"
"Other noncommunicable diseases","M02-M54","M49"
"Other noncommunicable diseases","M02-M54","M50"
"Other noncommunicable diseases","M02-M54","M51"
"Other noncommunicable diseases","M02-M54","M52"
"Other noncommunicable diseases","M02-M54","M53"
"Other noncommunicable diseases","M02-M54","M54"
"Unspecified infections","M60","M60"
"Other noncommunicable diseases","M61-M85","M61"
"Other noncommunicable diseases","M61-M85","M62"
"Other noncommunicable diseases","M61-M85","M63"
"Other noncommunicable diseases","M61-M85","M64"
"Other noncommunicable diseases","M61-M85","M65"
"Other noncommunicable diseases","M61-M85","M66"
"Other noncommunicable diseases","M61-M85","M67"
"Other noncommunicable diseases","M61-M85","M68"
"Other noncommunicable diseases","M61-M85","M69"
"Other noncommunicable diseases","M61-M85","M70"
"Other noncommunicable diseases","M61-M85","M71"
"Other noncommunicable diseases","M61-M85","M72"
"Other noncommunicable diseases","M61-M85","M73"
"Other noncommunicable diseases","M61-M85","M74"
"Other noncommunicable diseases","M61-M85","M75"
"Other noncommunicable diseases","M61-M85","M76"
"Other noncommunicable diseases","M61-M85","M77"
"Other noncommunicable diseases","M61-M85","M78"
"Other noncommunicable diseases","M61-M85","M79"
"Other noncommunicable diseases","M61-M85","M80"
"Other noncommunicable diseases","M61-M85","M81"
"Other noncommunicable diseases","M61-M85","M82"
"Other noncommunicable diseases","M61-M85","M83"
"Other noncommunicable diseases","M61-M85","M84"
"Other noncommunicable diseases","M61-M85","M85"
"Unspecified infections","M86","M86"
"Other noncommunicable diseases","M87-M99","M87"
"Other noncommunicable diseases","M87-M99","M88"
"Other noncommunicable diseases","M87-M99","M89"
"Other noncommunicable diseases","M87-M99","M90"
"Other noncommunicable diseases","M87-M99","M91"
"Other noncommunicable diseases","M87-M99","M92"
"Other noncommunicable diseases","M87-M99","M93"
"Other noncommunicable diseases","M87-M99","M94"
"Other noncommunicable diseases","M87-M99","M95"
"Other noncommunicable diseases","M87-M99","M96"
"Other noncommunicable diseases","M87-M99","M97"
"Other noncommunicable diseases","M87-M99","M98"
"Other noncommunicable diseases","M87-M99","M99"
"Other noncommunicable diseases","N00-N08","N00"
"Other noncommunicable diseases","N00-N08","N01"
"Other noncommunicable diseases","N00-N08","N02"
"Other noncommunicable diseases","N00-N08","N03"
"Other noncommunicable diseases","N00-N08","N04"
"Other noncommunicable diseases","N00-N08","N05"
"Other noncommunicable diseases","N00-N08","N06"
"Other noncommunicable diseases","N00-N08","N07"
"Other noncommunicable diseases","N00-N08","N08"
"Unspecified infections","N10","N10"
"Other noncommunicable diseases","N11-N29","N11"
"Other noncommunicable diseases","N11-N29","N12"
"Other noncommunicable diseases","N11-N29","N13"
"Other noncommunicable diseases","N11-N29","N14"
"Other noncommunicable diseases","N11-N29","N15"
"Other noncommunicable diseases","N11-N29","N16"
"Other noncommunicable diseases","N11-N29","N17"
"Other noncommunicable diseases","N11-N29","N18"
"Other noncommunicable diseases","N11-N29","N19"
"Other noncommunicable diseases","N11-N29","N20"
"Other noncommunicable diseases","N11-N29","N21"
"Other noncommunicable diseases","N11-N29","N22"
"Other noncommunicable diseases","N11-N29","N23"
"Other noncommunicable diseases","N11-N29","N24"
"Other noncommunicable diseases","N11-N29","N25"
"Other noncommunicable diseases","N11-N29","N26"
"Other noncommunicable diseases","N11-N29","N27"
"Other noncommunicable diseases","N11-N29","N28"
"Other noncommunicable diseases","N11-N29","N29"
"Unspecified infections","N30","N30"
"Other noncommunicable diseases","N31-N33","N31"
"Other noncommunicable diseases","N31-N33","N32"
"Other noncommunicable diseases","N31-N33","N33"
"Unspecified infections","N34","N34"
"Other noncommunicable diseases","N35-N40","N35"
"Other noncommunicable diseases","N35-N40","N36"
"Other noncommunicable diseases","N35-N40","N37"
"Other noncommunicable diseases","N35-N40","N38"
"Other noncommunicable diseases","N35-N40","N39"
"Other noncommunicable diseases","N35-N40","N40"
"Unspecified infections","N41","N41"
"Other noncommunicable diseases","N42-N48","N42"
"Other noncommunicable diseases","N42-N48","N43"
"Other noncommunicable diseases","N42-N48","N44"
"Other noncommunicable diseases","N42-N48","N45"
"Other noncommunicable diseases","N42-N48","N46"
"Other noncommunicable diseases","N42-N48","N47"
"Other noncommunicable diseases","N42-N48","N48"
"Unspecified infections","N49","N49"
"Other noncommunicable diseases","N50-N59","N50"
"Other noncommunicable diseases","N50-N59","N51"
"Other noncommunicable diseases","N50-N59","N52"
"Other noncommunicable diseases","N50-N59","N53"
"Other noncommunicable diseases","N50-N59","N54"
"Other noncommunicable diseases","N50-N59","N55"
"Other noncommunicable diseases","N50-N59","N56"
"Other noncommunicable diseases","N50-N59","N57"
"Other noncommunicable diseases","N50-N59","N58"
"Other noncommunicable diseases","N50-N59","N59"
"Cancers","N60","N60"
"Unspecified infections","N61","N61"
"Cancers","N62-N64","N62"
"Cancers","N62-N64","N63"
"Cancers","N62-N64","N64"
"Unspecified infections","N70-N74","N70"
"Unspecified infections","N70-N74","N71"
"Unspecified infections","N70-N74","N72"
"Unspecified infections","N70-N74","N73"
"Unspecified infections","N70-N74","N74"
"Other noncommunicable diseases","N75-N86","N75"
"Other noncommunicable diseases","N75-N86","N76"
"Other noncommunicable diseases","N75-N86","N77"
"Other noncommunicable diseases","N75-N86","N78"
"Other noncommunicable diseases","N75-N86","N79"
"Other noncommunicable diseases","N75-N86","N80"
"Other noncommunicable diseases","N75-N86","N81"
"Other noncommunicable diseases","N75-N86","N82"
"Other noncommunicable diseases","N75-N86","N83"
"Other noncommunicable diseases","N75-N86","N84"
"Other noncommunicable diseases","N75-N86","N85"
"Other noncommunicable diseases","N75-N86","N86"
"Cancers","N87","N87"
"Other noncommunicable diseases","N88-N99","N88"
"Other noncommunicable diseases","N88-N99","N89"
"Other noncommunicable diseases","N88-N99","N90"
"Other noncommunicable diseases","N88-N99","N91"
"Other noncommunicable diseases","N88-N99","N92"
"Other noncommunicable diseases","N88-N99","N93"
"Other noncommunicable diseases","N88-N99","N94"
"Other noncommunicable diseases","N88-N99","N95"
"Other noncommunicable diseases","N88-N99","N96"
"Other noncommunicable diseases","N88-N99","N97"
"Other noncommunicable diseases","N88-N99","N98"
"Other noncommunicable diseases","N88-N99","N99"
"Maternal conditions","O00-O08","O00"
"Maternal conditions","O00-O08","O01"
"Maternal conditions","O00-O08","O02"
"Maternal conditions","O00-O08","O03"
"Maternal conditions","O00-O08","O04"
"Maternal conditions","O00-O08","O05"
"Maternal conditions","O00-O08","O06"
"Maternal conditions","O00-O08","O07"
"Maternal conditions","O00-O08","O08"
"Maternal conditions","O10-O16","O10"
"Maternal conditions","O10-O16","O11"
"Maternal conditions","O10-O16","O12"
"Maternal conditions","O10-O16","O13"
"Maternal conditions","O10-O16","O14"
"Maternal conditions","O10-O16","O15"
"Maternal conditions","O10-O16","O16"
"Maternal conditions","O20-O99","O20"
"Maternal conditions","O20-O99","O21"
"Maternal conditions","O20-O99","O22"
"Maternal conditions","O20-O99","O23"
"Maternal conditions","O20-O99","O24"
"Maternal conditions","O20-O99","O25"
"Maternal conditions","O20-O99","O26"
"Maternal conditions","O20-O99","O27"
"Maternal conditions","O20-O99","O28"
"Maternal conditions","O20-O99","O29"
"Maternal conditions","O20-O99","O30"
"Maternal conditions","O20-O99","O31"
"Maternal conditions","O20-O99","O32"
"Maternal conditions","O20-O99","O33"
"Maternal conditions","O20-O99","O34"
"Maternal conditions","O20-O99","O35"
"Maternal conditions","O20-O99","O36"
"Maternal conditions","O20-O99","O37"
"Maternal conditions","O20-O99","O38"
"Maternal conditions","O20-O99","O39"
"Maternal conditions","O20-O99","O40"
"Maternal conditions","O20-O99","O41"
"Maternal conditions","O20-O99","O42"
"Maternal conditions","O20-O99","O43"
"Maternal conditions","O20-O99","O44"
"Maternal conditions","O20-O99","O45"
"Maternal conditions","O20-O99","O46"
"Maternal conditions","O20-O99","O47"
"Maternal conditions","O20-O99","O48"
"Maternal conditions","O20-O99","O49"
"Maternal conditions","O20-O99","O50"
"Maternal conditions","O20-O99","O51"
"Maternal conditions","O20-O99","O52"
"Maternal conditions","O20-O99","O53"
"Maternal conditions","O20-O99","O54"
"Maternal conditions","O20-O99","O55"
"Maternal conditions","O20-O99","O56"
"Maternal conditions","O20-O99","O57"
"Maternal conditions","O20-O99","O58"
"Maternal conditions","O20-O99","O59"
"Maternal conditions","O20-O99","O60"
"Maternal conditions","O20-O99","O61"
"Maternal conditions","O20-O99","O62"
"Maternal conditions","O20-O99","O63"
"Maternal conditions","O20-O99","O64"
"Maternal conditions","O20-O99","O65"
"Maternal conditions","O20-O99","O66"
"Maternal conditions","O20-O99","O67"
"Maternal conditions","O20-O99","O68"
"Maternal conditions","O20-O99","O69"
"Maternal conditions","O20-O99","O70"
"Maternal conditions","O20-O99","O71"
"Maternal conditions","O20-O99","O72"
"Maternal conditions","O20-O99","O73"
"Maternal conditions","O20-O99","O74"
"Maternal conditions","O20-O99","O75"
"Maternal conditions","O20-O99","O76"
"Maternal conditions","O20-O99","O77"
"Maternal conditions","O20-O99","O78"
"Maternal conditions","O20-O99","O79"
"Maternal conditions","O20-O99","O80"
"Maternal conditions","O20-O99","O81"
"Maternal conditions","O20-O99","O82"
"Maternal conditions","O20-O99","O83"
"Maternal conditions","O20-O99","O84"
"Maternal conditions","O20-O99","O85"
"Maternal conditions","O20-O99","O86"
"Maternal conditions","O20-O99","O87"
"Maternal conditions","O20-O99","O88"
"Maternal conditions","O20-O99","O89"
"Maternal conditions","O20-O99","O90"
"Maternal conditions","O20-O99","O91"
"Maternal conditions","O20-O99","O92"
"Maternal conditions","O20-O99","O93"
"Maternal conditions","O20-O99","O94"
"Maternal conditions","O20-O99","O95"
"Maternal conditions","O20-O99","O96"
"Maternal conditions","O20-O99","O97"
"Maternal conditions","O20-O99","O98"
"Maternal conditions","O20-O99","O99"
"Acute respiratory infections","P23","P23"
"Unspecified infections","P35-P39","P35"
"Unspecified infections","P35-P39","P36"
"Unspecified infections","P35-P39","P37"
"Unspecified infections","P35-P39","P38"
"Unspecified infections","P35-P39","P39"
"Other noncommunicable diseases","Q00-Q99","Q00"
"Other noncommunicable diseases","Q00-Q99","Q01"
"Other noncommunicable diseases","Q00-Q99","Q02"
"Other noncommunicable diseases","Q00-Q99","Q03"
"Other noncommunicable diseases","Q00-Q99","Q04"
"Other noncommunicable diseases","Q00-Q99","Q05"
"Other noncommunicable diseases","Q00-Q99","Q06"
"Other noncommunicable diseases","Q00-Q99","Q07"
"Other noncommunicable diseases","Q00-Q99","Q08"
"Other noncommunicable diseases","Q00-Q99","Q09"
"Other noncommunicable diseases","Q00-Q99","Q10"
"Other noncommunicable diseases","Q00-Q99","Q11"
"Other noncommunicable diseases","Q00-Q99","Q12"
"Other noncommunicable diseases","Q00-Q99","Q13"
"Other noncommunicable diseases","Q00-Q99","Q14"
"Other noncommunicable diseases","Q00-Q99","Q15"
"Other noncommunicable diseases","Q00-Q99","Q16"
"Other noncommunicable diseases","Q00-Q99","Q17"
"Other noncommunicable diseases","Q00-Q99","Q18"
"Other noncommunicable diseases","Q00-Q99","Q19"
"Other noncommunicable diseases","Q00-Q99","Q20"
"Other noncommunicable diseases","Q00-Q99","Q21"
"Other noncommunicable diseases","Q00-Q99","Q22"
"Other noncommunicable diseases","Q00-Q99","Q23"
"Other noncommunicable diseases","Q00-Q99","Q24"
"Other noncommunicable diseases","Q00-Q99","Q25"
"Other noncommunicable diseases","Q00-Q99","Q26"
"Other noncommunicable diseases","Q00-Q99","Q27"
"Other noncommunicable diseases","Q00-Q99","Q28"
"Other noncommunicable diseases","Q00-Q99","Q29"
"Other noncommunicable diseases","Q00-Q99","Q30"
"Other noncommunicable diseases","Q00-Q99","Q31"
"Other noncommunicable diseases","Q00-Q99","Q32"
"Other noncommunicable diseases","Q00-Q99","Q33"
"Other noncommunicable diseases","Q00-Q99","Q34"
"Other noncommunicable diseases","Q00-Q99","Q35"
"Other noncommunicable diseases","Q00-Q99","Q36"
"Other noncommunicable diseases","Q00-Q99","Q37"
"Other noncommunicable diseases","Q00-Q99","Q38"
"Other noncommunicable diseases","Q00-Q99","Q39"
"Other noncommunicable diseases","Q00-Q99","Q40"
"Other noncommunicable diseases","Q00-Q99","Q41"
"Other noncommunicable diseases","Q00-Q99","Q42"
"Other noncommunicable diseases","Q00-Q99","Q43"
"Other noncommunicable diseases","Q00-Q99","Q44"
"Other noncommunicable diseases","Q00-Q99","Q45"
"Other noncommunicable diseases","Q00-Q99","Q46"
"Other noncommunicable diseases","Q00-Q99","Q47"
"Other noncommunicable diseases","Q00-Q99","Q48"
"Other noncommunicable diseases","Q00-Q99","Q49"
"Other noncommunicable diseases","Q00-Q99","Q50"
"Other noncommunicable diseases","Q00-Q99","Q51"
"Other noncommunicable diseases","Q00-Q99","Q52"
"Other noncommunicable diseases","Q00-Q99","Q53"
"Other noncommunicable diseases","Q00-Q99","Q54"
"Other noncommunicable diseases","Q00-Q99","Q55"
"Other noncommunicable diseases","Q00-Q99","Q56"
"Other noncommunicable diseases","Q00-Q99","Q57"
"Other noncommunicable diseases","Q00-Q99","Q58"
"Other noncommunicable diseases","Q00-Q99","Q59"
"Other noncommunicable diseases","Q00-Q99","Q60"
"Other noncommunicable diseases","Q00-Q99","Q61"
"Other noncommunicable diseases","Q00-Q99","Q62"
"Other noncommunicable diseases","Q00-Q99","Q63"
"Other noncommunicable diseases","Q00-Q99","Q64"
"Other noncommunicable diseases","Q00-Q99","Q65"
"Other noncommunicable diseases","Q00-Q99","Q66"
"Other noncommunicable diseases","Q00-Q99","Q67"
"Other noncommunicable diseases","Q00-Q99","Q68"
"Other noncommunicable diseases","Q00-Q99","Q69"
"Other noncommunicable diseases","Q00-Q99","Q70"
"Other noncommunicable diseases","Q00-Q99","Q71"
"Other noncommunicable diseases","Q00-Q99","Q72"
"Other noncommunicable diseases","Q00-Q99","Q73"
"Other noncommunicable diseases","Q00-Q99","Q74"
"Other noncommunicable diseases","Q00-Q99","Q75"
"Other noncommunicable diseases","Q00-Q99","Q76"
"Other noncommunicable diseases","Q00-Q99","Q77"
"Other noncommunicable diseases","Q00-Q99","Q78"
"Other noncommunicable diseases","Q00-Q99","Q79"
"Other noncommunicable diseases","Q00-Q99","Q80"
"Other noncommunicable diseases","Q00-Q99","Q81"
"Other noncommunicable diseases","Q00-Q99","Q82"
"Other noncommunicable diseases","Q00-Q99","Q83"
"Other noncommunicable diseases","Q00-Q99","Q84"
"Other noncommunicable diseases","Q00-Q99","Q85"
"Other noncommunicable diseases","Q00-Q99","Q86"
"Other noncommunicable diseases","Q00-Q99","Q87"
"Other noncommunicable diseases","Q00-Q99","Q88"
"Other noncommunicable diseases","Q00-Q99","Q89"
"Other noncommunicable diseases","Q00-Q99","Q90"
"Other noncommunicable diseases","Q00-Q99","Q91"
"Other noncommunicable diseases","Q00-Q99","Q92"
"Other noncommunicable diseases","Q00-Q99","Q93"
"Other noncommunicable diseases","Q00-Q99","Q94"
"Other noncommunicable diseases","Q00-Q99","Q95"
"Other noncommunicable diseases","Q00-Q99","Q96"
"Other noncommunicable diseases","Q00-Q99","Q97"
"Other noncommunicable diseases","Q00-Q99","Q98"
"Other noncommunicable diseases","Q00-Q99","Q99"
"Other cardiovascular diseases","R00-R01","R00"
"Other cardiovascular diseases","R00-R01","R01"
"Ill-defined","R02","R02"
"Other cardiovascular diseases","R03","R03"
"Chronic respiratory diseases","R04-R06","R04"
"Chronic respiratory diseases","R04-R06","R05"
"Chronic respiratory diseases","R04-R06","R06"
"Ill-defined","R07-R09","R07"
"Ill-defined","R07-R09","R08"
"Ill-defined","R07-R09","R09"
"Other noncommunicable diseases","R10-R15","R10"
"Other noncommunicable diseases","R10-R15","R11"
"Other noncommunicable diseases","R10-R15","R12"
"Other noncommunicable diseases","R10-R15","R13"
"Other noncommunicable diseases","R10-R15","R14"
"Other noncommunicable diseases","R10-R15","R15"
"Liver and alcohol related diseases","R16-R18","R16"
"Liver and alcohol related diseases","R16-R18","R17"
"Liver and alcohol related diseases","R16-R18","R18"
"Other noncommunicable diseases","R19-R23","R19"
"Other noncommunicable diseases","R19-R23","R20"
"Other noncommunicable diseases","R19-R23","R21"
"Other noncommunicable diseases","R19-R23","R22"
"Other noncommunicable diseases","R19-R23","R23"
"Ill-defined","R25","R25"
"Other noncommunicable diseases","R26-R27","R26"
"Other noncommunicable diseases","R26-R27","R27"
"Other noncommunicable diseases","R29-R49","R29"
"Other noncommunicable diseases","R29-R49","R30"
"Other noncommunicable diseases","R29-R49","R31"
"Other noncommunicable diseases","R29-R49","R32"
"Other noncommunicable diseases","R29-R49","R33"
"Other noncommunicable diseases","R29-R49","R34"
"Other noncommunicable diseases","R29-R49","R35"
"Other noncommunicable diseases","R29-R49","R36"
"Other noncommunicable diseases","R29-R49","R37"
"Other noncommunicable diseases","R29-R49","R38"
"Other noncommunicable diseases","R29-R49","R39"
"Other noncommunicable diseases","R29-R49","R40"
"Other noncommunicable diseases","R29-R49","R41"
"Other noncommunicable diseases","R29-R49","R42"
"Other noncommunicable diseases","R29-R49","R43"
"Other noncommunicable diseases","R29-R49","R44"
"Other noncommunicable diseases","R29-R49","R45"
"Other noncommunicable diseases","R29-R49","R46"
"Other noncommunicable diseases","R29-R49","R47"
"Other noncommunicable diseases","R29-R49","R48"
"Other noncommunicable diseases","R29-R49","R49"
"Unspecified infections","R50","R50"
"Ill-defined","R51-R54","R51"
"Ill-defined","R51-R54","R52"
"Ill-defined","R51-R54","R53"
"Ill-defined","R51-R54","R54"
"Ischemic heart disease","R55","R55"
"Other noncommunicable diseases","R56","R56"
"Ill-defined","R57-R58","R57"
"Ill-defined","R57-R58","R58"
"Cancers","R59","R59"
"Ill-defined","R60-R62","R60"
"Ill-defined","R60-R62","R61"
"Ill-defined","R60-R62","R62"
"Other noncommunicable diseases","R63","R63"
"Ill-defined","R64-R69","R64"
"Ill-defined","R64-R69","R65"
"Ill-defined","R64-R69","R66"
"Ill-defined","R64-R69","R67"
"Ill-defined","R64-R69","R68"
"Ill-defined","R64-R69","R69"
"Other noncommunicable diseases","R70-R74","R70"
"Other noncommunicable diseases","R70-R74","R71"
"Other noncommunicable diseases","R70-R74","R72"
"Other noncommunicable diseases","R70-R74","R73"
"Other noncommunicable diseases","R70-R74","R74"
"Unspecified infections","R75","R75"
"Other noncommunicable diseases","R76-R77","R76"
"Other noncommunicable diseases","R76-R77","R77"
"Ill-defined","R78-R79","R78"
"Ill-defined","R78-R79","R79"
"Other noncommunicable diseases","R80-R82","R80"
"Other noncommunicable diseases","R80-R82","R81"
"Other noncommunicable diseases","R80-R82","R82"
"Ill-defined","R83","R83"
"Chronic respiratory diseases","R84","R84"
"Other noncommunicable diseases","R85-R87","R85"
"Other noncommunicable diseases","R85-R87","R86"
"Other noncommunicable diseases","R85-R87","R87"
"Ill-defined","R89","R89"
"Other noncommunicable diseases","R90","R90"
"Chronic respiratory diseases","R91","R91"
"Ill-defined","R92-R94","R92"
"Ill-defined","R92-R94","R93"
"Ill-defined","R92-R94","R94"
"Ill-defined","R96","R96"
"Ill-defined","R98-R99","R98"
"Ill-defined","R98-R99","R99"
"Other injuries","S00-S99","S00"
"Other injuries","S00-S99","S01"
"Other injuries","S00-S99","S02"
"Other injuries","S00-S99","S03"
"Other injuries","S00-S99","S04"
"Other injuries","S00-S99","S05"
"Other injuries","S00-S99","S06"
"Other injuries","S00-S99","S07"
"Other injuries","S00-S99","S08"
"Other injuries","S00-S99","S09"
"Other injuries","S00-S99","S10"
"Other injuries","S00-S99","S11"
"Other injuries","S00-S99","S12"
"Other injuries","S00-S99","S13"
"Other injuries","S00-S99","S14"
"Other injuries","S00-S99","S15"
"Other injuries","S00-S99","S16"
"Other injuries","S00-S99","S17"
"Other injuries","S00-S99","S18"
"Other injuries","S00-S99","S19"
"Other injuries","S00-S99","S20"
"Other injuries","S00-S99","S21"
"Other injuries","S00-S99","S22"
"Other injuries","S00-S99","S23"
"Other injuries","S00-S99","S24"
"Other injuries","S00-S99","S25"
"Other injuries","S00-S99","S26"
"Other injuries","S00-S99","S27"
"Other injuries","S00-S99","S28"
"Other injuries","S00-S99","S29"
"Other injuries","S00-S99","S30"
"Other injuries","S00-S99","S31"
"Other injuries","S00-S99","S32"
"Other injuries","S00-S99","S33"
"Other injuries","S00-S99","S34"
"Other injuries","S00-S99","S35"
"Other injuries","S00-S99","S36"
"Other injuries","S00-S99","S37"
"Other injuries","S00-S99","S38"
"Other injuries","S00-S99","S39"
"Other injuries","S00-S99","S40"
"Other injuries","S00-S99","S41"
"Other injuries","S00-S99","S42"
"Other injuries","S00-S99","S43"
"Other injuries","S00-S99","S44"
"Other injuries","S00-S99","S45"
"Other injuries","S00-S99","S46"
"Other injuries","S00-S99","S47"
"Other injuries","S00-S99","S48"
"Other injuries","S00-S99","S49"
"Other injuries","S00-S99","S50"
"Other injuries","S00-S99","S51"
"Other injuries","S00-S99","S52"
"Other injuries","S00-S99","S53"
"Other injuries","S00-S99","S54"
"Other injuries","S00-S99","S55"
"Other injuries","S00-S99","S56"
"Other injuries","S00-S99","S57"
"Other injuries","S00-S99","S58"
"Other injuries","S00-S99","S59"
"Other injuries","S00-S99","S60"
"Other injuries","S00-S99","S61"
"Other injuries","S00-S99","S62"
"Other injuries","S00-S99","S63"
"Other injuries","S00-S99","S64"
"Other injuries","S00-S99","S65"
"Other injuries","S00-S99","S66"
"Other injuries","S00-S99","S67"
"Other injuries","S00-S99","S68"
"Other injuries","S00-S99","S69"
"Other injuries","S00-S99","S70"
"Other injuries","S00-S99","S71"
"Other injuries","S00-S99","S72"
"Other injuries","S00-S99","S73"
"Other injuries","S00-S99","S74"
"Other injuries","S00-S99","S75"
"Other injuries","S00-S99","S76"
"Other injuries","S00-S99","S77"
"Other injuries","S00-S99","S78"
"Other injuries","S00-S99","S79"
"Other injuries","S00-S99","S80"
"Other injuries","S00-S99","S81"
"Other injuries","S00-S99","S82"
"Other injuries","S00-S99","S83"
"Other injuries","S00-S99","S84"
"Other injuries","S00-S99","S85"
"Other injuries","S00-S99","S86"
"Other injuries","S00-S99","S87"
"Other injuries","S00-S99","S88"
"Other injuries","S00-S99","S89"
"Other injuries","S00-S99","S90"
"Other injuries","S00-S99","S91"
"Other injuries","S00-S99","S92"
"Other injuries","S00-S99","S93"
"Other injuries","S00-S99","S94"
"Other injuries","S00-S99","S95"
"Other injuries","S00-S99","S96"
"Other injuries","S00-S99","S97"
"Other injuries","S00-S99","S98"
"Other injuries","S00-S99","S99"
"Other injuries","T00-T99","T00"
"Other injuries","T00-T99","T01"
"Other injuries","T00-T99","T02"
"Other injuries","T00-T99","T03"
"Other injuries","T00-T99","T04"
"Other injuries","T00-T99","T05"
"Other injuries","T00-T99","T06"
"Other injuries","T00-T99","T07"
"Other injuries","T00-T99","T08"
"Other injuries","T00-T99","T09"
"Other injuries","T00-T99","T10"
"Other injuries","T00-T99","T11"
"Other injuries","T00-T99","T12"
"Other injuries","T00-T99","T13"
"Other injuries","T00-T99","T14"
"Other injuries","T00-T99","T15"
"Other injuries","T00-T99","T16"
"Other injuries","T00-T99","T17"
"Other injuries","T00-T99","T18"
"Other injuries","T00-T99","T19"
"Other injuries","T00-T99","T20"
"Other injuries","T00-T99","T21"
"Other injuries","T00-T99","T22"
"Other injuries","T00-T99","T23"
"Other injuries","T00-T99","T24"
"Other injuries","T00-T99","T25"
"Other injuries","T00-T99","T26"
"Other injuries","T00-T99","T27"
"Other injuries","T00-T99","T28"
"Other injuries","T00-T99","T29"
"Other injuries","T00-T99","T30"
"Other injuries","T00-T99","T31"
"Other injuries","T00-T99","T32"
"Other injuries","T00-T99","T33"
"Other injuries","T00-T99","T34"
"Other injuries","T00-T99","T35"
"Other injuries","T00-T99","T36"
"Other injuries","T00-T99","T37"
"Other injuries","T00-T99","T38"
"Other injuries","T00-T99","T39"
"Other injuries","T00-T99","T40"
"Other injuries","T00-T99","T41"
"Other injuries","T00-T99","T42"
"Other injuries","T00-T99","T43"
"Other injuries","T00-T99","T44"
"Other injuries","T00-T99","T45"
"Other injuries","T00-T99","T46"
"Other injuries","T00-T99","T47"
"Other injuries","T00-T99","T48"
"Other injuries","T00-T99","T49"
"Other injuries","T00-T99","T50"
"Other injuries","T00-T99","T51"
"Other injuries","T00-T99","T52"
"Other injuries","T00-T99","T53"
"Other injuries","T00-T99","T54"
"Other injuries","T00-T99","T55"
"Other injuries","T00-T99","T56"
"Other injuries","T00-T99","T57"
"Other injuries","T00-T99","T58"
"Other injuries","T00-T99","T59"
"Other injuries","T00-T99","T60"
"Other injuries","T00-T99","T61"
"Other injuries","T00-T99","T62"
"Other injuries","T00-T99","T63"
"Other injuries","T00-T99","T64"
"Other injuries","T00-T99","T65"
"Other injuries","T00-T99","T66"
"Other injuries","T00-T99","T67"
"Other injuries","T00-T99","T68"
"Other injuries","T00-T99","T69"
"Other injuries","T00-T99","T70"
"Other injuries","T00-T99","T71"
"Other injuries","T00-T99","T72"
"Other injuries","T00-T99","T73"
"Other injuries","T00-T99","T74"
"Other injuries","T00-T99","T75"
"Other injuries","T00-T99","T76"
"Other injuries","T00-T99","T77"
"Other injuries","T00-T99","T78"
"Other injuries","T00-T99","T79"
"Other injuries","T00-T99","T80"
"Other injuries","T00-T99","T81"
"Other injuries","T00-T99","T82"
"Other injuries","T00-T99","T83"
"Other injuries","T00-T99","T84"
"Other injuries","T00-T99","T85"
"Other injuries","T00-T99","T86"
"Other injuries","T00-T99","T87"
"Other injuries","T00-T99","T88"
"Other injuries","T00-T99","T89"
"Other injuries","T00-T99","T90"
"Other injuries","T00-T99","T91"
"Other injuries","T00-T99","T92"
"Other injuries","T00-T99","T93"
"Other injuries","T00-T99","T94"
"Other injuries","T00-T99","T95"
"Other injuries","T00-T99","T96"
"Other injuries","T00-T99","T97"
"Other injuries","T00-T99","T98"
"Other injuries","T00-T99","T99"
"Road and transport injuries","V01-V99","V01"
"Road and transport injuries","V01-V99","V02"
"Road and transport injuries","V01-V99","V03"
"Road and transport injuries","V01-V99","V04"
"Road and transport injuries","V01-V99","V05"
"Road and transport injuries","V01-V99","V06"
"Road and transport injuries","V01-V99","V07"
"Road and transport injuries","V01-V99","V08"
"Road and transport injuries","V01-V99","V09"
"Road and transport injuries","V01-V99","V10"
"Road and transport injuries","V01-V99","V11"
"Road and transport injuries","V01-V99","V12"
"Road and transport injuries","V01-V99","V13"
"Road and transport injuries","V01-V99","V14"
"Road and transport injuries","V01-V99","V15"
"Road and transport injuries","V01-V99","V16"
"Road and transport injuries","V01-V99","V17"
"Road and transport injuries","V01-V99","V18"
"Road and transport injuries","V01-V99","V19"
"Road and transport injuries","V01-V99","V20"
"Road and transport injuries","V01-V99","V21"
"Road and transport injuries","V01-V99","V22"
"Road and transport injuries","V01-V99","V23"
"Road and transport injuries","V01-V99","V24"
"Road and transport injuries","V01-V99","V25"
"Road and transport injuries","V01-V99","V26"
"Road and transport injuries","V01-V99","V27"
"Road and transport injuries","V01-V99","V28"
"Road and transport injuries","V01-V99","V29"
"Road and transport injuries","V01-V99","V30"
"Road and transport injuries","V01-V99","V31"
"Road and transport injuries","V01-V99","V32"
"Road and transport injuries","V01-V99","V33"
"Road and transport injuries","V01-V99","V34"
"Road and transport injuries","V01-V99","V35"
"Road and transport injuries","V01-V99","V36"
"Road and transport injuries","V01-V99","V37"
"Road and transport injuries","V01-V99","V38"
"Road and transport injuries","V01-V99","V39"
"Road and transport injuries","V01-V99","V40"
"Road and transport injuries","V01-V99","V41"
"Road and transport injuries","V01-V99","V42"
"Road and transport injuries","V01-V99","V43"
"Road and transport injuries","V01-V99","V44"
"Road and transport injuries","V01-V99","V45"
"Road and transport injuries","V01-V99","V46"
"Road and transport injuries","V01-V99","V47"
"Road and transport injuries","V01-V99","V48"
"Road and transport injuries","V01-V99","V49"
"Road and transport injuries","V01-V99","V50"
"Road and transport injuries","V01-V99","V51"
"Road and transport injuries","V01-V99","V52"
"Road and transport injuries","V01-V99","V53"
"Road and transport injuries","V01-V99","V54"
"Road and transport injuries","V01-V99","V55"
"Road and transport injuries","V01-V99","V56"
"Road and transport injuries","V01-V99","V57"
"Road and transport injuries","V01-V99","V58"
"Road and transport injuries","V01-V99","V59"
"Road and transport injuries","V01-V99","V60"
"Road and transport injuries","V01-V99","V61"
"Road and transport injuries","V01-V99","V62"
"Road and transport injuries","V01-V99","V63"
"Road and transport injuries","V01-V99","V64"
"Road and transport injuries","V01-V99","V65"
"Road and transport injuries","V01-V99","V66"
"Road and transport injuries","V01-V99","V67"
"Road and transport injuries","V01-V99","V68"
"Road and transport injuries","V01-V99","V69"
"Road and transport injuries","V01-V99","V70"
"Road and transport injuries","V01-V99","V71"
"Road and transport injuries","V01-V99","V72"
"Road and transport injuries","V01-V99","V73"
"Road and transport injuries","V01-V99","V74"
"Road and transport injuries","V01-V99","V75"
"Road and transport injuries","V01-V99","V76"
"Road and transport injuries","V01-V99","V77"
"Road and transport injuries","V01-V99","V78"
"Road and transport injuries","V01-V99","V79"
"Road and transport injuries","V01-V99","V80"
"Road and transport injuries","V01-V99","V81"
"Road and transport injuries","V01-V99","V82"
"Road and transport injuries","V01-V99","V83"
"Road and transport injuries","V01-V99","V84"
"Road and transport injuries","V01-V99","V85"
"Road and transport injuries","V01-V99","V86"
"Road and transport injuries","V01-V99","V87"
"Road and transport injuries","V01-V99","V88"
"Road and transport injuries","V01-V99","V89"
"Road and transport injuries","V01-V99","V90"
"Road and transport injuries","V01-V99","V91"
"Road and transport injuries","V01-V99","V92"
"Road and transport injuries","V01-V99","V93"
"Road and transport injuries","V01-V99","V94"
"Road and transport injuries","V01-V99","V95"
"Road and transport injuries","V01-V99","V96"
"Road and transport injuries","V01-V99","V97"
"Road and transport injuries","V01-V99","V98"
"Road and transport injuries","V01-V99","V99"
"Other injuries","W00-W99","W00"
"Other injuries","W00-W99","W01"
"Other injuries","W00-W99","W02"
"Other injuries","W00-W99","W03"
"Other injuries","W00-W99","W04"
"Other injuries","W00-W99","W05"
"Other injuries","W00-W99","W06"
"Other injuries","W00-W99","W07"
"Other injuries","W00-W99","W08"
"Other injuries","W00-W99","W09"
"Other injuries","W00-W99","W10"
"Other injuries","W00-W99","W11"
"Other injuries","W00-W99","W12"
"Other injuries","W00-W99","W13"
"Other injuries","W00-W99","W14"
"Other injuries","W00-W99","W15"
"Other injuries","W00-W99","W16"
"Other injuries","W00-W99","W17"
"Other injuries","W00-W99","W18"
"Other injuries","W00-W99","W19"
"Other injuries","W00-W99","W20"
"Other injuries","W00-W99","W21"
"Other injuries","W00-W99","W22"
"Other injuries","W00-W99","W23"
"Other injuries","W00-W99","W24"
"Other injuries","W00-W99","W25"
"Other injuries","W00-W99","W26"
"Other injuries","W00-W99","W27"
"Other injuries","W00-W99","W28"
"Other injuries","W00-W99","W29"
"Other injuries","W00-W99","W30"
"Other injuries","W00-W99","W31"
"Other injuries","W00-W99","W32"
"Other injuries","W00-W99","W33"
"Other injuries","W00-W99","W34"
"Other injuries","W00-W99","W35"
"Other injuries","W00-W99","W36"
"Other injuries","W00-W99","W37"
"Other injuries","W00-W99","W38"
"Other injuries","W00-W99","W39"
"Other injuries","W00-W99","W40"
"Other injuries","W00-W99","W41"
"Other injuries","W00-W99","W42"
"Other injuries","W00-W99","W43"
"Other injuries","W00-W99","W44"
"Other injuries","W00-W99","W45"
"Other injuries","W00-W99","W46"
"Other injuries","W00-W99","W47"
"Other injuries","W00-W99","W48"
"Other injuries","W00-W99","W49"
"Other injuries","W00-W99","W50"
"Other injuries","W00-W99","W51"
"Other injuries","W00-W99","W52"
"Other injuries","W00-W99","W53"
"Other injuries","W00-W99","W54"
"Other injuries","W00-W99","W55"
"Other injuries","W00-W99","W56"
"Other injuries","W00-W99","W57"
"Other injuries","W00-W99","W58"
"Other injuries","W00-W99","W59"
"Other injuries","W00-W99","W60"
"Other injuries","W00-W99","W61"
"Other injuries","W00-W99","W62"
"Other injuries","W00-W99","W63"
"Other injuries","W00-W99","W64"
"Other injuries","W00-W99","W65"
"Other injuries","W00-W99","W66"
"Other injuries","W00-W99","W67"
"Other injuries","W00-W99","W68"
"Other injuries","W00-W99","W69"
"Other injuries","W00-W99","W70"
"Other injuries","W00-W99","W71"
"Other injuries","W00-W99","W72"
"Other injuries","W00-W99","W73"
"Other injuries","W00-W99","W74"
"Other injuries","W00-W99","W75"
"Other injuries","W00-W99","W76"
"Other injuries","W00-W99","W77"
"Other injuries","W00-W99","W78"
"Other injuries","W00-W99","W79"
"Other injuries","W00-W99","W80"
"Other injuries","W00-W99","W81"
"Other injuries","W00-W99","W82"
"Other injuries","W00-W99","W83"
"Other injuries","W00-W99","W84"
"Other injuries","W00-W99","W85"
"Other injuries","W00-W99","W86"
"Other injuries","W00-W99","W87"
"Other injuries","W00-W99","W88"
"Other injuries","W00-W99","W89"
"Other injuries","W00-W99","W90"
"Other injuries","W00-W99","W91"
"Other injuries","W00-W99","W92"
"Other injuries","W00-W99","W93"
"Other injuries","W00-W99","W94"
"Other injuries","W00-W99","W95"
"Other injuries","W00-W99","W96"
"Other injuries","W00-W99","W97"
"Other injuries","W00-W99","W98"
"Other injuries","W00-W99","W99"
"Other injuries","X00-X44","X00"
"Other injuries","X00-X44","X01"
"Other injuries","X00-X44","X02"
"Other injuries","X00-X44","X03"
"Other injuries","X00-X44","X04"
"Other injuries","X00-X44","X05"
"Other injuries","X00-X44","X06"
"Other injuries","X00-X44","X07"
"Other injuries","X00-X44","X08"
"Other injuries","X00-X44","X09"
"Other injuries","X00-X44","X10"
"Other injuries","X00-X44","X11"
"Other injuries","X00-X44","X12"
"Other injuries","X00-X44","X13"
"Other injuries","X00-X44","X14"
"Other injuries","X00-X44","X15"
"Other injuries","X00-X44","X16"
"Other injuries","X00-X44","X17"
"Other injuries","X00-X44","X18"
"Other injuries","X00-X44","X19"
"Other injuries","X00-X44","X20"
"Other injuries","X00-X44","X21"
"Other injuries","X00-X44","X22"
"Other injuries","X00-X44","X23"
"Other injuries","X00-X44","X24"
"Other injuries","X00-X44","X25"
"Other injuries","X00-X44","X26"
"Other injuries","X00-X44","X27"
"Other injuries","X00-X44","X28"
"Other injuries","X00-X44","X29"
"Other injuries","X00-X44","X30"
"Other injuries","X00-X44","X31"
"Other injuries","X00-X44","X32"
"Other injuries","X00-X44","X33"
"Other injuries","X00-X44","X34"
"Other injuries","X00-X44","X35"
"Other injuries","X00-X44","X36"
"Other injuries","X00-X44","X37"
"Other injuries","X00-X44","X38"
"Other injuries","X00-X44","X39"
"Other injuries","X00-X44","X40"
"Other injuries","X00-X44","X41"
"Other injuries","X00-X44","X42"
"Other injuries","X00-X44","X43"
"Other injuries","X00-X44","X44"
"Liver and alcohol related diseases","X45","X45"
"Other injuries","X46-X52","X46"
"Other injuries","X46-X52","X47"
"Other injuries","X46-X52","X48"
"Other injuries","X46-X52","X49"
"Other injuries","X46-X52","X50"
"Other injuries","X46-X52","X51"
"Other injuries","X46-X52","X52"
"Nutritional deficiencies","X53-X54","X53"
"Nutritional deficiencies","X53-X54","X54"
"Other injuries","X55-X59","X55"
"Other injuries","X55-X59","X56"
"Other injuries","X55-X59","X57"
"Other injuries","X55-X59","X58"
"Other injuries","X55-X59","X59"
"Suicide","X60-X84","X60"
"Suicide","X60-X84","X61"
"Suicide","X60-X84","X62"
"Suicide","X60-X84","X63"
"Suicide","X60-X84","X64"
"Suicide","X60-X84","X65"
"Suicide","X60-X84","X66"
"Suicide","X60-X84","X67"
"Suicide","X60-X84","X68"
"Suicide","X60-X84","X69"
"Suicide","X60-X84","X70"
"Suicide","X60-X84","X71"
"Suicide","X60-X84","X72"
"Suicide","X60-X84","X73"
"Suicide","X60-X84","X74"
"Suicide","X60-X84","X75"
"Suicide","X60-X84","X76"
"Suicide","X60-X84","X77"
"Suicide","X60-X84","X78"
"Suicide","X60-X84","X79"
"Suicide","X60-X84","X80"
"Suicide","X60-X84","X81"
"Suicide","X60-X84","X82"
"Suicide","X60-X84","X83"
"Suicide","X60-X84","X84"
"Other injuries","X85-X99","X85"
"Other injuries","X85-X99","X86"
"Other injuries","X85-X99","X87"
"Other injuries","X85-X99","X88"
"Other injuries","X85-X99","X89"
"Other injuries","X85-X99","X90"
"Other injuries","X85-X99","X91"
"Other injuries","X85-X99","X92"
"Other injuries","X85-X99","X93"
"Other injuries","X85-X99","X94"
"Other injuries","X85-X99","X95"
"Other injuries","X85-X99","X96"
"Other injuries","X85-X99","X97"
"Other injuries","X85-X99","X98"
"Other injuries","X85-X99","X99"
"Other injuries","Y00-Y14","Y00"
"Other injuries","Y00-Y14","Y01"
"Other injuries","Y00-Y14","Y02"
"Other injuries","Y00-Y14","Y03"
"Other injuries","Y00-Y14","Y04"
"Other injuries","Y00-Y14","Y05"
"Other injuries","Y00-Y14","Y06"
"Other injuries","Y00-Y14","Y07"
"Other injuries","Y00-Y14","Y08"
"Other injuries","Y00-Y14","Y09"
"Other injuries","Y00-Y14","Y10"
"Other injuries","Y00-Y14","Y11"
"Other injuries","Y00-Y14","Y12"
"Other injuries","Y00-Y14","Y13"
"Other injuries","Y00-Y14","Y14"
"Liver and alcohol related diseases","Y15","Y15"
"Other injuries","Y16-Y84","Y16"
"Other injuries","Y16-Y84","Y17"
"Other injuries","Y16-Y84","Y18"
"Other injuries","Y16-Y84","Y19"
"Other injuries","Y16-Y84","Y20"
"Other injuries","Y16-Y84","Y21"
"Other injuries","Y16-Y84","Y22"
"Other injuries","Y16-Y84","Y23"
"Other injuries","Y16-Y84","Y24"
"Other injuries","Y16-Y84","Y25"
"Other injuries","Y16-Y84","Y26"
"Other injuries","Y16-Y84","Y27"
"Other injuries","Y16-Y84","Y28"
"Other injuries","Y16-Y84","Y29"
"Other injuries","Y16-Y84","Y30"
"Other injuries","Y16-Y84","Y31"
"Other injuries","Y16-Y84","Y32"
"Other injuries","Y16-Y84","Y33"
"Other injuries","Y16-Y84","Y34"
"Other injuries","Y16-Y84","Y35"
"Other injuries","Y16-Y84","Y36"
"Other injuries","Y16-Y84","Y37"
"Other injuries","Y16-Y84","Y38"
"Other injuries","Y16-Y84","Y39"
"Other injuries","Y16-Y84","Y40"
"Other injuries","Y16-Y84","Y41"
"Other injuries","Y16-Y84","Y42"
"Other injuries","Y16-Y84","Y43"
"Other injuries","Y16-Y84","Y44"
"Other injuries","Y16-Y84","Y45"
"Other injuries","Y16-Y84","Y46"
"Other injuries","Y16-Y84","Y47"
"Other injuries","Y16-Y84","Y48"
"Other injuries","Y16-Y84","Y49"
"Other injuries","Y16-Y84","Y50"
"Other injuries","Y16-Y84","Y51"
"Other injuries","Y16-Y84","Y52"
"Other injuries","Y16-Y84","Y53"
"Other injuries","Y16-Y84","Y54"
"Other injuries","Y16-Y84","Y55"
"Other injuries","Y16-Y84","Y56"
"Other injuries","Y16-Y84","Y57"
"Other injuries","Y16-Y84","Y58"
"Other injuries","Y16-Y84","Y59"
"Other injuries","Y16-Y84","Y60"
"Other injuries","Y16-Y84","Y61"
"Other injuries","Y16-Y84","Y62"
"Other injuries","Y16-Y84","Y63"
"Other injuries","Y16-Y84","Y64"
"Other injuries","Y16-Y84","Y65"
"Other injuries","Y16-Y84","Y66"
"Other injuries","Y16-Y84","Y67"
"Other injuries","Y16-Y84","Y68"
"Other injuries","Y16-Y84","Y69"
"Other injuries","Y16-Y84","Y70"
"Other injuries","Y16-Y84","Y71"
"Other injuries","Y16-Y84","Y72"
"Other injuries","Y16-Y84","Y73"
"Other injuries","Y16-Y84","Y74"
"Other injuries","Y16-Y84","Y75"
"Other injuries","Y16-Y84","Y76"
"Other injuries","Y16-Y84","Y77"
"Other injuries","Y16-Y84","Y78"
"Other injuries","Y16-Y84","Y79"
"Other injuries","Y16-Y84","Y80"
"Other injuries","Y16-Y84","Y81"
"Other injuries","Y16-Y84","Y82"
"Other injuries","Y16-Y84","Y83"
"Other injuries","Y16-Y84","Y84"
"Road and transport injuries","Y85","Y85"
"Other injuries","Y86-Y89","Y86"
"Other injuries","Y86-Y89","Y87"
"Other injuries","Y86-Y89","Y88"
"Other injuries","Y86-Y89","Y89"
"Liver and alcohol related diseases","Y90-Y91","Y90"
"Liver and alcohol related diseases","Y90-Y91","Y91"
"Other injuries","Y92-Y98","Y92"
"Other injuries","Y92-Y98","Y93"
"Other injuries","Y92-Y98","Y94"
"Other injuries","Y92-Y98","Y95"
"Other injuries","Y92-Y98","Y96"
"Other injuries","Y92-Y98","Y97"
"Other injuries","Y92-Y98","Y98"
"Unspecified infections","ZZ21","ZZ21"
"Other cardiovascular diseases","ZZ23","ZZ23"
"Other noncommunicable diseases","ZZ25","ZZ25"
"Other injuries","ZZ27","ZZ27"
