icd10_code,cghr_code,cghr_label,wbd10_age,wbd10_kind,wbd10_kind_depth,wbd10_codex4,wbd10_codex2,wbd10_code,wbd10_codex4_title,wbd10_codex2_title,wbd10_title,icd10_range
A00,2,Neonatal Infections,neo,codex,3,1,1B,1B01,"Communicable, perinatal and nutritional conditions",Other communicable diseases,Diarrhoeal diseases,A00-A09
A01,2,Neonatal Infections,neo,codex,3,1,1B,1B01,"Communicable, perinatal and nutritional conditions",Other communicable diseases,Diarrhoeal diseases,A00-A09
A02,2,Neonatal Infections,neo,codex,3,1,1B,1B01,"Communicable, perinatal and nutritional conditions",Other communicable diseases,Diarrhoeal diseases,A00-A09
A03,2,Neonatal Infections,neo,codex,3,1,1B,1B01,"Communicable, perinatal and nutritional conditions",Other communicable diseases,Diarrhoeal diseases,A00-A09
A04,2,Neonatal Infections,neo,codex,3,1,1B,1B01,"Communicable, perinatal and nutritional conditions",Other communicable diseases,Diarrhoeal diseases,A00-A09
A05,2,Neonatal Infections,neo,codex,3,1,1B,1B01,"Communicable, perinatal and nutritional conditions",Other communicable diseases,Diarrhoeal diseases,A00-A09
A06,2,Neonatal Infections,neo,codex,3,1,1B,1B01,"Communicable, perinatal and nutritional conditions",Other communicable diseases,Diarrhoeal diseases,A00-A09
A07,2,Neonatal Infections,neo,codex,3,1,1B,1B01,"Communicable, perinatal and nutritional conditions",Other communicable diseases,Diarrhoeal diseases,A00-A09
A08,2,Neonatal Infections,neo,codex,3,1,1B,1B01,"Communicable, perinatal and nutritional conditions",Other communicable diseases,Diarrhoeal diseases,A00-A09
A09,2,Neonatal Infections,neo,codex,3,1,1B,1B01,"Communicable, perinatal and nutritional conditions",Other communicable diseases,Diarrhoeal diseases,A00-A09
A20,2,Neonatal Infections,neo,codex,3,1,1A,1A02,"Communicable, perinatal and nutritional conditions",Neonatal Infections,Sepsis,"A20-A28,A32,A38,A40-A44,A46,A48,A49,A68-A70,A74,A75,A77-A79,B95,B96,H10,H60,I30,I32-I33,I39-I41,K65,K67,K81,L00-L04,L08,M00-M01,M60,M86,N10,N30,N34,N41,N49,N61,P35-P39,P58,P59"
A21,2,Neonatal Infections,neo,codex,3,1,1A,1A02,"Communicable, perinatal and nutritional conditions",Neonatal Infections,Sepsis,"A20-A28,A32,A38,A40-A44,A46,A48,A49,A68-A70,A74,A75,A77-A79,B95,B96,H10,H60,I30,I32-I33,I39-I41,K65,K67,K81,L00-L04,L08,M00-M01,M60,M86,N10,N30,N34,N41,N49,N61,P35-P39,P58,P59"
A22,2,Neonatal Infections,neo,codex,3,1,1A,1A02,"Communicable, perinatal and nutritional conditions",Neonatal Infections,Sepsis,"A20-A28,A32,A38,A40-A44,A46,A48,A49,A68-A70,A74,A75,A77-A79,B95,B96,H10,H60,I30,I32-I33,I39-I41,K65,K67,K81,L00-L04,L08,M00-M01,M60,M86,N10,N30,N34,N41,N49,N61,P35-P39,P58,P59"
A23,2,Neonatal Infections,neo,codex,3,1,1A,1A02,"Communicable, perinatal and nutritional conditions",Neonatal Infections,Sepsis,"A20-A28,A32,A38,A40-A44,A46,A48,A49,A68-A70,A74,A75,A77-A79,B95,B96,H10,H60,I30,I32-I33,I39-I41,K65,K67,K81,L00-L04,L08,M00-M01,M60,M86,N10,N30,N34,N41,N49,N61,P35-P39,P58,P59"
A24,2,Neonatal Infections,neo,codex,3,1,1A,1A02,"Communicable, perinatal and nutritional conditions",Neonatal Infections,Sepsis,"A20-A28,A32,A38,A40-A44,A46,A48,A49,A68-A70,A74,A75,A77-A79,B95,B96,H10,H60,I30,I32-I33,I39-I41,K65,K67,K81,L00-L04,L08,M00-M01,M60,M86,N10,N30,N34,N41,N49,N61,P35-P39,P58,P59"
A25,2,Neonatal Infections,neo,codex,3,1,1A,1A02,"Communicable, perinatal and nutritional conditions",Neonatal Infections,Sepsis,"A20-A28,A32,A38,A40-A44,A46,A48,A49,A68-A70,A74,A75,A77-A79,B95,B96,H10,H60,I30,I32-I33,I39-I41,K65,K67,K81,L00-L04,L08,M00-M01,M60,M86,N10,N30,N34,N41,N49,N61,P35-P39,P58,P59"
A26,2,Neonatal Infections,neo,codex,3,1,1A,1A02,"Communicable, perinatal and nutritional conditions",Neonatal Infections,Sepsis,"A20-A28,A32,A38,A40-A44,A46,A48,A49,A68-A70,A74,A75,A77-A79,B95,B96,H10,H60,I30,I32-I33,I39-I41,K65,K67,K81,L00-L04,L08,M00-M01,M60,M86,N10,N30,N34,N41,N49,N61,P35-P39,P58,P59"
A27,2,Neonatal Infections,neo,codex,3,1,1A,1A02,"Communicable, perinatal and nutritional conditions",Neonatal Infections,Sepsis,"A20-A28,A32,A38,A40-A44,A46,A48,A49,A68-A70,A74,A75,A77-A79,B95,B96,H10,H60,I30,I32-I33,I39-I41,K65,K67,K81,L00-L04,L08,M00-M01,M60,M86,N10,N30,N34,N41,N49,N61,P35-P39,P58,P59"
A28,2,Neonatal Infections,neo,codex,3,1,1A,1A02,"Communicable, perinatal and nutritional conditions",Neonatal Infections,Sepsis,"A20-A28,A32,A38,A40-A44,A46,A48,A49,A68-A70,A74,A75,A77-A79,B95,B96,H10,H60,I30,I32-I33,I39-I41,K65,K67,K81,L00-L04,L08,M00-M01,M60,M86,N10,N30,N34,N41,N49,N61,P35-P39,P58,P59"
A32,2,Neonatal Infections,neo,codex,3,1,1A,1A02,"Communicable, perinatal and nutritional conditions",Neonatal Infections,Sepsis,"A20-A28,A32,A38,A40-A44,A46,A48,A49,A68-A70,A74,A75,A77-A79,B95,B96,H10,H60,I30,I32-I33,I39-I41,K65,K67,K81,L00-L04,L08,M00-M01,M60,M86,N10,N30,N34,N41,N49,N61,P35-P39,P58,P59"
A33,2,Neonatal Infections,neo,codex,3,1,1B,1B02,"Communicable, perinatal and nutritional conditions",Other communicable diseases,Tetanus,A33-A35
A34,2,Neonatal Infections,neo,codex,3,1,1B,1B02,"Communicable, perinatal and nutritional conditions",Other communicable diseases,Tetanus,A33-A35
A35,2,Neonatal Infections,neo,codex,3,1,1B,1B02,"Communicable, perinatal and nutritional conditions",Other communicable diseases,Tetanus,A33-A35
A38,2,Neonatal Infections,neo,codex,3,1,1A,1A02,"Communicable, perinatal and nutritional conditions",Neonatal Infections,Sepsis,"A20-A28,A32,A38,A40-A44,A46,A48,A49,A68-A70,A74,A75,A77-A79,B95,B96,H10,H60,I30,I32-I33,I39-I41,K65,K67,K81,L00-L04,L08,M00-M01,M60,M86,N10,N30,N34,N41,N49,N61,P35-P39,P58,P59"
A40,2,Neonatal Infections,neo,codex,3,1,1A,1A02,"Communicable, perinatal and nutritional conditions",Neonatal Infections,Sepsis,"A20-A28,A32,A38,A40-A44,A46,A48,A49,A68-A70,A74,A75,A77-A79,B95,B96,H10,H60,I30,I32-I33,I39-I41,K65,K67,K81,L00-L04,L08,M00-M01,M60,M86,N10,N30,N34,N41,N49,N61,P35-P39,P58,P59"
A41,2,Neonatal Infections,neo,codex,3,1,1A,1A02,"Communicable, perinatal and nutritional conditions",Neonatal Infections,Sepsis,"A20-A28,A32,A38,A40-A44,A46,A48,A49,A68-A70,A74,A75,A77-A79,B95,B96,H10,H60,I30,I32-I33,I39-I41,K65,K67,K81,L00-L04,L08,M00-M01,M60,M86,N10,N30,N34,N41,N49,N61,P35-P39,P58,P59"
A42,2,Neonatal Infections,neo,codex,3,1,1A,1A02,"Communicable, perinatal and nutritional conditions",Neonatal Infections,Sepsis,"A20-A28,A32,A38,A40-A44,A46,A48,A49,A68-A70,A74,A75,A77-A79,B95,B96,H10,H60,I30,I32-I33,I39-I41,K65,K67,K81,L00-L04,L08,M00-M01,M60,M86,N10,N30,N34,N41,N49,N61,P35-P39,P58,P59"
A43,2,Neonatal Infections,neo,codex,3,1,1A,1A02,"Communicable, perinatal and nutritional conditions",Neonatal Infections,Sepsis,"A20-A28,A32,A38,A40-A44,A46,A48,A49,A68-A70,A74,A75,A77-A79,B95,B96,H10,H60,I30,I32-I33,I39-I41,K65,K67,K81,L00-L04,L08,M00-M01,M60,M86,N10,N30,N34,N41,N49,N61,P35-P39,P58,P59"
A44,2,Neonatal Infections,neo,codex,3,1,1A,1A02,"Communicable, perinatal and nutritional conditions",Neonatal Infections,Sepsis,"A20-A28,A32,A38,A40-A44,A46,A48,A49,A68-A70,A74,A75,A77-A79,B95,B96,H10,H60,I30,I32-I33,I39-I41,K65,K67,K81,L00-L04,L08,M00-M01,M60,M86,N10,N30,N34,N41,N49,N61,P35-P39,P58,P59"
A46,2,Neonatal Infections,neo,codex,3,1,1A,1A02,"Communicable, perinatal and nutritional conditions",Neonatal Infections,Sepsis,"A20-A28,A32,A38,A40-A44,A46,A48,A49,A68-A70,A74,A75,A77-A79,B95,B96,H10,H60,I30,I32-I33,I39-I41,K65,K67,K81,L00-L04,L08,M00-M01,M60,M86,N10,N30,N34,N41,N49,N61,P35-P39,P58,P59"
A48,2,Neonatal Infections,neo,codex,3,1,1A,1A02,"Communicable, perinatal and nutritional conditions",Neonatal Infections,Sepsis,"A20-A28,A32,A38,A40-A44,A46,A48,A49,A68-A70,A74,A75,A77-A79,B95,B96,H10,H60,I30,I32-I33,I39-I41,K65,K67,K81,L00-L04,L08,M00-M01,M60,M86,N10,N30,N34,N41,N49,N61,P35-P39,P58,P59"
A49,2,Neonatal Infections,neo,codex,3,1,1A,1A02,"Communicable, perinatal and nutritional conditions",Neonatal Infections,Sepsis,"A20-A28,A32,A38,A40-A44,A46,A48,A49,A68-A70,A74,A75,A77-A79,B95,B96,H10,H60,I30,I32-I33,I39-I41,K65,K67,K81,L00-L04,L08,M00-M01,M60,M86,N10,N30,N34,N41,N49,N61,P35-P39,P58,P59"
A68,2,Neonatal Infections,neo,codex,3,1,1A,1A02,"Communicable, perinatal and nutritional conditions",Neonatal Infections,Sepsis,"A20-A28,A32,A38,A40-A44,A46,A48,A49,A68-A70,A74,A75,A77-A79,B95,B96,H10,H60,I30,I32-I33,I39-I41,K65,K67,K81,L00-L04,L08,M00-M01,M60,M86,N10,N30,N34,N41,N49,N61,P35-P39,P58,P59"
A69,2,Neonatal Infections,neo,codex,3,1,1A,1A02,"Communicable, perinatal and nutritional conditions",Neonatal Infections,Sepsis,"A20-A28,A32,A38,A40-A44,A46,A48,A49,A68-A70,A74,A75,A77-A79,B95,B96,H10,H60,I30,I32-I33,I39-I41,K65,K67,K81,L00-L04,L08,M00-M01,M60,M86,N10,N30,N34,N41,N49,N61,P35-P39,P58,P59"
A70,2,Neonatal Infections,neo,codex,3,1,1A,1A02,"Communicable, perinatal and nutritional conditions",Neonatal Infections,Sepsis,"A20-A28,A32,A38,A40-A44,A46,A48,A49,A68-A70,A74,A75,A77-A79,B95,B96,H10,H60,I30,I32-I33,I39-I41,K65,K67,K81,L00-L04,L08,M00-M01,M60,M86,N10,N30,N34,N41,N49,N61,P35-P39,P58,P59"
A74,2,Neonatal Infections,neo,codex,3,1,1A,1A02,"Communicable, perinatal and nutritional conditions",Neonatal Infections,Sepsis,"A20-A28,A32,A38,A40-A44,A46,A48,A49,A68-A70,A74,A75,A77-A79,B95,B96,H10,H60,I30,I32-I33,I39-I41,K65,K67,K81,L00-L04,L08,M00-M01,M60,M86,N10,N30,N34,N41,N49,N61,P35-P39,P58,P59"
A75,2,Neonatal Infections,neo,codex,3,1,1A,1A02,"Communicable, perinatal and nutritional conditions",Neonatal Infections,Sepsis,"A20-A28,A32,A38,A40-A44,A46,A48,A49,A68-A70,A74,A75,A77-A79,B95,B96,H10,H60,I30,I32-I33,I39-I41,K65,K67,K81,L00-L04,L08,M00-M01,M60,M86,N10,N30,N34,N41,N49,N61,P35-P39,P58,P59"
A77,2,Neonatal Infections,neo,codex,3,1,1A,1A02,"Communicable, perinatal and nutritional conditions",Neonatal Infections,Sepsis,"A20-A28,A32,A38,A40-A44,A46,A48,A49,A68-A70,A74,A75,A77-A79,B95,B96,H10,H60,I30,I32-I33,I39-I41,K65,K67,K81,L00-L04,L08,M00-M01,M60,M86,N10,N30,N34,N41,N49,N61,P35-P39,P58,P59"
A78,2,Neonatal Infections,neo,codex,3,1,1A,1A02,"Communicable, perinatal and nutritional conditions",Neonatal Infections,Sepsis,"A20-A28,A32,A38,A40-A44,A46,A48,A49,A68-A70,A74,A75,A77-A79,B95,B96,H10,H60,I30,I32-I33,I39-I41,K65,K67,K81,L00-L04,L08,M00-M01,M60,M86,N10,N30,N34,N41,N49,N61,P35-P39,P58,P59"
A79,2,Neonatal Infections,neo,codex,3,1,1A,1A02,"Communicable, perinatal and nutritional conditions",Neonatal Infections,Sepsis,"A20-A28,A32,A38,A40-A44,A46,A48,A49,A68-A70,A74,A75,A77-A79,B95,B96,H10,H60,I30,I32-I33,I39-I41,K65,K67,K81,L00-L04,L08,M00-M01,M60,M86,N10,N30,N34,N41,N49,N61,P35-P39,P58,P59"
A81,2,Neonatal Infections,neo,codex,3,1,1A,1A03,"Communicable, perinatal and nutritional conditions",Neonatal Infections,Meningitis/encephalitis,"A39,A81-A89,G00-G09"
A81,2,Neonatal Infections,neo,codex,3,1,1A,1A03,"Communicable, perinatal and nutritional conditions",Neonatal Infections,Meningitis/encephalitis,"A39,A81-A89,G00-G09"
A83,2,Neonatal Infections,neo,codex,3,1,1A,1A03,"Communicable, perinatal and nutritional conditions",Neonatal Infections,Meningitis/encephalitis,"A39,A81-A89,G00-G09"
A83,2,Neonatal Infections,neo,codex,3,1,1A,1A03,"Communicable, perinatal and nutritional conditions",Neonatal Infections,Meningitis/encephalitis,"A39,A81-A89,G00-G09"
A85,2,Neonatal Infections,neo,codex,3,1,1A,1A03,"Communicable, perinatal and nutritional conditions",Neonatal Infections,Meningitis/encephalitis,"A39,A81-A89,G00-G09"
A85,2,Neonatal Infections,neo,codex,3,1,1A,1A03,"Communicable, perinatal and nutritional conditions",Neonatal Infections,Meningitis/encephalitis,"A39,A81-A89,G00-G09"
A87,2,Neonatal Infections,neo,codex,3,1,1A,1A03,"Communicable, perinatal and nutritional conditions",Neonatal Infections,Meningitis/encephalitis,"A39,A81-A89,G00-G09"
A87,2,Neonatal Infections,neo,codex,3,1,1A,1A03,"Communicable, perinatal and nutritional conditions",Neonatal Infections,Meningitis/encephalitis,"A39,A81-A89,G00-G09"
A89,2,Neonatal Infections,neo,codex,3,1,1A,1A03,"Communicable, perinatal and nutritional conditions",Neonatal Infections,Meningitis/encephalitis,"A39,A81-A89,G00-G09"
A89,2,Neonatal Infections,neo,codex,3,1,1A,1A03,"Communicable, perinatal and nutritional conditions",Neonatal Infections,Meningitis/encephalitis,"A39,A81-A89,G00-G09"
B95,2,Neonatal Infections,neo,codex,3,1,1A,1A02,"Communicable, perinatal and nutritional conditions",Neonatal Infections,Sepsis,"A20-A28,A32,A38,A40-A44,A46,A48,A49,A68-A70,A74,A75,A77-A79,B95,B96,H10,H60,I30,I32-I33,I39-I41,K65,K67,K81,L00-L04,L08,M00-M01,M60,M86,N10,N30,N34,N41,N49,N61,P35-P39,P58,P59"
B96,2,Neonatal Infections,neo,codex,3,1,1A,1A02,"Communicable, perinatal and nutritional conditions",Neonatal Infections,Sepsis,"A20-A28,A32,A38,A40-A44,A46,A48,A49,A68-A70,A74,A75,A77-A79,B95,B96,H10,H60,I30,I32-I33,I39-I41,K65,K67,K81,L00-L04,L08,M00-M01,M60,M86,N10,N30,N34,N41,N49,N61,P35-P39,P58,P59"
C76,4,Congenital anomalies,neo,codex,3,2,2A,2A01,Noncommunicable diseases,Other noncommunicable diseases,Other noncommunicable diseases,"C00-C97,D01-D48,D55-D89,E03-E35,E65-E90,F00-F99,H00-H06,H11-H59,H61-H62,H69,H72-H95,I00-I28,I31,I34-I38,I42-I99,J30,J31,J33-J35,J37-J47,J60,J64,J66-J70,J80-J82,J84,J90-J99,K00-K03,K06-K60,K62-K63,K70-K80,K82-K93,L05,L10-L99,M02-M54,M61-M85,M87-M99,N00-N08,N11-N29,N31-N33,N35-N40,N42-N48,N50-N51,N60,N62-N64,N75-N99,P04,P08,P51,P53-P60,P70-P72,P74-P76,P78,P80-P83,P92-P94,R00,R01,R03,R05,R06,R11-R23,R26,R27,R29-R36,R39-R49,R55,R56,R59,R63,R70-R74,R76-R77,R80-R82,R84-R87,R90,R91"
D64,1,Prematurity & low birthweight ,neo,codex,3,1,1C,1C01,"Communicable, perinatal and nutritional conditions",Perinatal conditions,Prematurity & low birthweight,"D64,P01,P05,P07,P22,P25-P28,P52,P61,P77,P80, P92,R04"
G01,2,Neonatal Infections,neo,codex,3,1,1A,1A03,"Communicable, perinatal and nutritional conditions",Neonatal Infections,Meningitis/encephalitis,"A39,A81-A89,G00-G09"
G01,2,Neonatal Infections,neo,codex,3,1,1A,1A03,"Communicable, perinatal and nutritional conditions",Neonatal Infections,Meningitis/encephalitis,"A39,A81-A89,G00-G09"
G03,2,Neonatal Infections,neo,codex,3,1,1A,1A03,"Communicable, perinatal and nutritional conditions",Neonatal Infections,Meningitis/encephalitis,"A39,A81-A89,G00-G09"
G03,2,Neonatal Infections,neo,codex,3,1,1A,1A03,"Communicable, perinatal and nutritional conditions",Neonatal Infections,Meningitis/encephalitis,"A39,A81-A89,G00-G09"
G05,2,Neonatal Infections,neo,codex,3,1,1A,1A03,"Communicable, perinatal and nutritional conditions",Neonatal Infections,Meningitis/encephalitis,"A39,A81-A89,G00-G09"
G05,2,Neonatal Infections,neo,codex,3,1,1A,1A03,"Communicable, perinatal and nutritional conditions",Neonatal Infections,Meningitis/encephalitis,"A39,A81-A89,G00-G09"
G07,2,Neonatal Infections,neo,codex,3,1,1A,1A03,"Communicable, perinatal and nutritional conditions",Neonatal Infections,Meningitis/encephalitis,"A39,A81-A89,G00-G09"
G07,2,Neonatal Infections,neo,codex,3,1,1A,1A03,"Communicable, perinatal and nutritional conditions",Neonatal Infections,Meningitis/encephalitis,"A39,A81-A89,G00-G09"
G09,2,Neonatal Infections,neo,codex,3,1,1A,1A03,"Communicable, perinatal and nutritional conditions",Neonatal Infections,Meningitis/encephalitis,"A39,A81-A89,G00-G09"
G09,2,Neonatal Infections,neo,codex,3,1,1A,1A03,"Communicable, perinatal and nutritional conditions",Neonatal Infections,Meningitis/encephalitis,"A39,A81-A89,G00-G09"
G40,3,Birth asphyxia & birth trauma,neo,codex,3,1,1C,1C02,"Communicable, perinatal and nutritional conditions",Perinatal conditions,Birth asphyxia & birth trauma,"G40,P00,P02,P03,P10-P15,P20,P21,P24,P29,P50,P51,P90,P91,R06"
H10,2,Neonatal Infections,neo,codex,3,1,1A,1A02,"Communicable, perinatal and nutritional conditions",Neonatal Infections,Sepsis,"A20-A28,A32,A38,A40-A44,A46,A48,A49,A68-A70,A74,A75,A77-A79,B95,B96,H10,H60,I30,I32-I33,I39-I41,K65,K67,K81,L00-L04,L08,M00-M01,M60,M86,N10,N30,N34,N41,N49,N61,P35-P39,P58,P59"
H60,2,Neonatal Infections,neo,codex,3,1,1A,1A02,"Communicable, perinatal and nutritional conditions",Neonatal Infections,Sepsis,"A20-A28,A32,A38,A40-A44,A46,A48,A49,A68-A70,A74,A75,A77-A79,B95,B96,H10,H60,I30,I32-I33,I39-I41,K65,K67,K81,L00-L04,L08,M00-M01,M60,M86,N10,N30,N34,N41,N49,N61,P35-P39,P58,P59"
H65,2,Neonatal Infections,neo,codex,3,1,1A,1A01,"Communicable, perinatal and nutritional conditions",Neonatal Infections,Neonatal Pneumonia,"A37,H65-H68,H70,H71,J00-J22,J32,J36,J85,J86,P23,U04"
H65,2,Neonatal Infections,neo,codex,3,1,1A,1A01,"Communicable, perinatal and nutritional conditions",Neonatal Infections,Neonatal Pneumonia,"A37,H65-H68,H70,H71,J00-J22,J32,J36,J85,J86,P23,U04"
H67,2,Neonatal Infections,neo,codex,3,1,1A,1A01,"Communicable, perinatal and nutritional conditions",Neonatal Infections,Neonatal Pneumonia,"A37,H65-H68,H70,H71,J00-J22,J32,J36,J85,J86,P23,U04"
H67,2,Neonatal Infections,neo,codex,3,1,1A,1A01,"Communicable, perinatal and nutritional conditions",Neonatal Infections,Neonatal Pneumonia,"A37,H65-H68,H70,H71,J00-J22,J32,J36,J85,J86,P23,U04"
H70,2,Neonatal Infections,neo,codex,3,1,1A,1A01,"Communicable, perinatal and nutritional conditions",Neonatal Infections,Neonatal Pneumonia,"A37,H65-H68,H70,H71,J00-J22,J32,J36,J85,J86,P23,U04"
H70,2,Neonatal Infections,neo,codex,3,1,1A,1A01,"Communicable, perinatal and nutritional conditions",Neonatal Infections,Neonatal Pneumonia,"A37,H65-H68,H70,H71,J00-J22,J32,J36,J85,J86,P23,U04"
I30,2,Neonatal Infections,neo,codex,3,1,1A,1A02,"Communicable, perinatal and nutritional conditions",Neonatal Infections,Sepsis,"A20-A28,A32,A38,A40-A44,A46,A48,A49,A68-A70,A74,A75,A77-A79,B95,B96,H10,H60,I30,I32-I33,I39-I41,K65,K67,K81,L00-L04,L08,M00-M01,M60,M86,N10,N30,N34,N41,N49,N61,P35-P39,P58,P59"
I32,2,Neonatal Infections,neo,codex,3,1,1A,1A02,"Communicable, perinatal and nutritional conditions",Neonatal Infections,Sepsis,"A20-A28,A32,A38,A40-A44,A46,A48,A49,A68-A70,A74,A75,A77-A79,B95,B96,H10,H60,I30,I32-I33,I39-I41,K65,K67,K81,L00-L04,L08,M00-M01,M60,M86,N10,N30,N34,N41,N49,N61,P35-P39,P58,P59"
I33,2,Neonatal Infections,neo,codex,3,1,1A,1A02,"Communicable, perinatal and nutritional conditions",Neonatal Infections,Sepsis,"A20-A28,A32,A38,A40-A44,A46,A48,A49,A68-A70,A74,A75,A77-A79,B95,B96,H10,H60,I30,I32-I33,I39-I41,K65,K67,K81,L00-L04,L08,M00-M01,M60,M86,N10,N30,N34,N41,N49,N61,P35-P39,P58,P59"
I39,2,Neonatal Infections,neo,codex,3,1,1A,1A02,"Communicable, perinatal and nutritional conditions",Neonatal Infections,Sepsis,"A20-A28,A32,A38,A40-A44,A46,A48,A49,A68-A70,A74,A75,A77-A79,B95,B96,H10,H60,I30,I32-I33,I39-I41,K65,K67,K81,L00-L04,L08,M00-M01,M60,M86,N10,N30,N34,N41,N49,N61,P35-P39,P58,P59"
I40,2,Neonatal Infections,neo,codex,3,1,1A,1A02,"Communicable, perinatal and nutritional conditions",Neonatal Infections,Sepsis,"A20-A28,A32,A38,A40-A44,A46,A48,A49,A68-A70,A74,A75,A77-A79,B95,B96,H10,H60,I30,I32-I33,I39-I41,K65,K67,K81,L00-L04,L08,M00-M01,M60,M86,N10,N30,N34,N41,N49,N61,P35-P39,P58,P59"
I41,2,Neonatal Infections,neo,codex,3,1,1A,1A02,"Communicable, perinatal and nutritional conditions",Neonatal Infections,Sepsis,"A20-A28,A32,A38,A40-A44,A46,A48,A49,A68-A70,A74,A75,A77-A79,B95,B96,H10,H60,I30,I32-I33,I39-I41,K65,K67,K81,L00-L04,L08,M00-M01,M60,M86,N10,N30,N34,N41,N49,N61,P35-P39,P58,P59"
J00,2,Neonatal Infections,neo,codex,3,1,1A,1A01,"Communicable, perinatal and nutritional conditions",Neonatal Infections,Neonatal Pneumonia,"A37,H65-H68,H70,H71,J00-J22,J32,J36,J85,J86,P23,U04"
J00,2,Neonatal Infections,neo,codex,3,1,1A,1A01,"Communicable, perinatal and nutritional conditions",Neonatal Infections,Neonatal Pneumonia,"A37,H65-H68,H70,H71,J00-J22,J32,J36,J85,J86,P23,U04"
J02,2,Neonatal Infections,neo,codex,3,1,1A,1A01,"Communicable, perinatal and nutritional conditions",Neonatal Infections,Neonatal Pneumonia,"A37,H65-H68,H70,H71,J00-J22,J32,J36,J85,J86,P23,U04"
J02,2,Neonatal Infections,neo,codex,3,1,1A,1A01,"Communicable, perinatal and nutritional conditions",Neonatal Infections,Neonatal Pneumonia,"A37,H65-H68,H70,H71,J00-J22,J32,J36,J85,J86,P23,U04"
J04,2,Neonatal Infections,neo,codex,3,1,1A,1A01,"Communicable, perinatal and nutritional conditions",Neonatal Infections,Neonatal Pneumonia,"A37,H65-H68,H70,H71,J00-J22,J32,J36,J85,J86,P23,U04"
J04,2,Neonatal Infections,neo,codex,3,1,1A,1A01,"Communicable, perinatal and nutritional conditions",Neonatal Infections,Neonatal Pneumonia,"A37,H65-H68,H70,H71,J00-J22,J32,J36,J85,J86,P23,U04"
J06,2,Neonatal Infections,neo,codex,3,1,1A,1A01,"Communicable, perinatal and nutritional conditions",Neonatal Infections,Neonatal Pneumonia,"A37,H65-H68,H70,H71,J00-J22,J32,J36,J85,J86,P23,U04"
J06,2,Neonatal Infections,neo,codex,3,1,1A,1A01,"Communicable, perinatal and nutritional conditions",Neonatal Infections,Neonatal Pneumonia,"A37,H65-H68,H70,H71,J00-J22,J32,J36,J85,J86,P23,U04"
J08,2,Neonatal Infections,neo,codex,3,1,1A,1A01,"Communicable, perinatal and nutritional conditions",Neonatal Infections,Neonatal Pneumonia,"A37,H65-H68,H70,H71,J00-J22,J32,J36,J85,J86,P23,U04"
J08,2,Neonatal Infections,neo,codex,3,1,1A,1A01,"Communicable, perinatal and nutritional conditions",Neonatal Infections,Neonatal Pneumonia,"A37,H65-H68,H70,H71,J00-J22,J32,J36,J85,J86,P23,U04"
J10,2,Neonatal Infections,neo,codex,3,1,1A,1A01,"Communicable, perinatal and nutritional conditions",Neonatal Infections,Neonatal Pneumonia,"A37,H65-H68,H70,H71,J00-J22,J32,J36,J85,J86,P23,U04"
J10,2,Neonatal Infections,neo,codex,3,1,1A,1A01,"Communicable, perinatal and nutritional conditions",Neonatal Infections,Neonatal Pneumonia,"A37,H65-H68,H70,H71,J00-J22,J32,J36,J85,J86,P23,U04"
J12,2,Neonatal Infections,neo,codex,3,1,1A,1A01,"Communicable, perinatal and nutritional conditions",Neonatal Infections,Neonatal Pneumonia,"A37,H65-H68,H70,H71,J00-J22,J32,J36,J85,J86,P23,U04"
J12,2,Neonatal Infections,neo,codex,3,1,1A,1A01,"Communicable, perinatal and nutritional conditions",Neonatal Infections,Neonatal Pneumonia,"A37,H65-H68,H70,H71,J00-J22,J32,J36,J85,J86,P23,U04"
J14,2,Neonatal Infections,neo,codex,3,1,1A,1A01,"Communicable, perinatal and nutritional conditions",Neonatal Infections,Neonatal Pneumonia,"A37,H65-H68,H70,H71,J00-J22,J32,J36,J85,J86,P23,U04"
J14,2,Neonatal Infections,neo,codex,3,1,1A,1A01,"Communicable, perinatal and nutritional conditions",Neonatal Infections,Neonatal Pneumonia,"A37,H65-H68,H70,H71,J00-J22,J32,J36,J85,J86,P23,U04"
J16,2,Neonatal Infections,neo,codex,3,1,1A,1A01,"Communicable, perinatal and nutritional conditions",Neonatal Infections,Neonatal Pneumonia,"A37,H65-H68,H70,H71,J00-J22,J32,J36,J85,J86,P23,U04"
J16,2,Neonatal Infections,neo,codex,3,1,1A,1A01,"Communicable, perinatal and nutritional conditions",Neonatal Infections,Neonatal Pneumonia,"A37,H65-H68,H70,H71,J00-J22,J32,J36,J85,J86,P23,U04"
J18,2,Neonatal Infections,neo,codex,3,1,1A,1A01,"Communicable, perinatal and nutritional conditions",Neonatal Infections,Neonatal Pneumonia,"A37,H65-H68,H70,H71,J00-J22,J32,J36,J85,J86,P23,U04"
J18,2,Neonatal Infections,neo,codex,3,1,1A,1A01,"Communicable, perinatal and nutritional conditions",Neonatal Infections,Neonatal Pneumonia,"A37,H65-H68,H70,H71,J00-J22,J32,J36,J85,J86,P23,U04"
J20,2,Neonatal Infections,neo,codex,3,1,1A,1A01,"Communicable, perinatal and nutritional conditions",Neonatal Infections,Neonatal Pneumonia,"A37,H65-H68,H70,H71,J00-J22,J32,J36,J85,J86,P23,U04"
J20,2,Neonatal Infections,neo,codex,3,1,1A,1A01,"Communicable, perinatal and nutritional conditions",Neonatal Infections,Neonatal Pneumonia,"A37,H65-H68,H70,H71,J00-J22,J32,J36,J85,J86,P23,U04"
J22,2,Neonatal Infections,neo,codex,3,1,1A,1A01,"Communicable, perinatal and nutritional conditions",Neonatal Infections,Neonatal Pneumonia,"A37,H65-H68,H70,H71,J00-J22,J32,J36,J85,J86,P23,U04"
J22,2,Neonatal Infections,neo,codex,3,1,1A,1A01,"Communicable, perinatal and nutritional conditions",Neonatal Infections,Neonatal Pneumonia,"A37,H65-H68,H70,H71,J00-J22,J32,J36,J85,J86,P23,U04"
J36,2,Neonatal Infections,neo,codex,3,1,1A,1A01,"Communicable, perinatal and nutritional conditions",Neonatal Infections,Neonatal Pneumonia,"A37,H65-H68,H70,H71,J00-J22,J32,J36,J85,J86,P23,U04"
J36,2,Neonatal Infections,neo,codex,3,1,1A,1A01,"Communicable, perinatal and nutritional conditions",Neonatal Infections,Neonatal Pneumonia,"A37,H65-H68,H70,H71,J00-J22,J32,J36,J85,J86,P23,U04"
J86,2,Neonatal Infections,neo,codex,3,1,1A,1A01,"Communicable, perinatal and nutritional conditions",Neonatal Infections,Neonatal Pneumonia,"A37,H65-H68,H70,H71,J00-J22,J32,J36,J85,J86,P23,U04"
J86,2,Neonatal Infections,neo,codex,3,1,1A,1A01,"Communicable, perinatal and nutritional conditions",Neonatal Infections,Neonatal Pneumonia,"A37,H65-H68,H70,H71,J00-J22,J32,J36,J85,J86,P23,U04"
K65,2,Neonatal Infections,neo,codex,3,1,1A,1A02,"Communicable, perinatal and nutritional conditions",Neonatal Infections,Sepsis,"A20-A28,A32,A38,A40-A44,A46,A48,A49,A68-A70,A74,A75,A77-A79,B95,B96,H10,H60,I30,I32-I33,I39-I41,K65,K67,K81,L00-L04,L08,M00-M01,M60,M86,N10,N30,N34,N41,N49,N61,P35-P39,P58,P59"
K67,2,Neonatal Infections,neo,codex,3,1,1A,1A02,"Communicable, perinatal and nutritional conditions",Neonatal Infections,Sepsis,"A20-A28,A32,A38,A40-A44,A46,A48,A49,A68-A70,A74,A75,A77-A79,B95,B96,H10,H60,I30,I32-I33,I39-I41,K65,K67,K81,L00-L04,L08,M00-M01,M60,M86,N10,N30,N34,N41,N49,N61,P35-P39,P58,P59"
K81,2,Neonatal Infections,neo,codex,3,1,1A,1A02,"Communicable, perinatal and nutritional conditions",Neonatal Infections,Sepsis,"A20-A28,A32,A38,A40-A44,A46,A48,A49,A68-A70,A74,A75,A77-A79,B95,B96,H10,H60,I30,I32-I33,I39-I41,K65,K67,K81,L00-L04,L08,M00-M01,M60,M86,N10,N30,N34,N41,N49,N61,P35-P39,P58,P59"
L00,2,Neonatal Infections,neo,codex,3,1,1A,1A02,"Communicable, perinatal and nutritional conditions",Neonatal Infections,Sepsis,"A20-A28,A32,A38,A40-A44,A46,A48,A49,A68-A70,A74,A75,A77-A79,B95,B96,H10,H60,I30,I32-I33,I39-I41,K65,K67,K81,L00-L04,L08,M00-M01,M60,M86,N10,N30,N34,N41,N49,N61,P35-P39,P58,P59"
L01,2,Neonatal Infections,neo,codex,3,1,1A,1A02,"Communicable, perinatal and nutritional conditions",Neonatal Infections,Sepsis,"A20-A28,A32,A38,A40-A44,A46,A48,A49,A68-A70,A74,A75,A77-A79,B95,B96,H10,H60,I30,I32-I33,I39-I41,K65,K67,K81,L00-L04,L08,M00-M01,M60,M86,N10,N30,N34,N41,N49,N61,P35-P39,P58,P59"
L02,2,Neonatal Infections,neo,codex,3,1,1A,1A02,"Communicable, perinatal and nutritional conditions",Neonatal Infections,Sepsis,"A20-A28,A32,A38,A40-A44,A46,A48,A49,A68-A70,A74,A75,A77-A79,B95,B96,H10,H60,I30,I32-I33,I39-I41,K65,K67,K81,L00-L04,L08,M00-M01,M60,M86,N10,N30,N34,N41,N49,N61,P35-P39,P58,P59"
L03,2,Neonatal Infections,neo,codex,3,1,1A,1A02,"Communicable, perinatal and nutritional conditions",Neonatal Infections,Sepsis,"A20-A28,A32,A38,A40-A44,A46,A48,A49,A68-A70,A74,A75,A77-A79,B95,B96,H10,H60,I30,I32-I33,I39-I41,K65,K67,K81,L00-L04,L08,M00-M01,M60,M86,N10,N30,N34,N41,N49,N61,P35-P39,P58,P59"
L04,2,Neonatal Infections,neo,codex,3,1,1A,1A02,"Communicable, perinatal and nutritional conditions",Neonatal Infections,Sepsis,"A20-A28,A32,A38,A40-A44,A46,A48,A49,A68-A70,A74,A75,A77-A79,B95,B96,H10,H60,I30,I32-I33,I39-I41,K65,K67,K81,L00-L04,L08,M00-M01,M60,M86,N10,N30,N34,N41,N49,N61,P35-P39,P58,P59"
L08,2,Neonatal Infections,neo,codex,3,1,1A,1A02,"Communicable, perinatal and nutritional conditions",Neonatal Infections,Sepsis,"A20-A28,A32,A38,A40-A44,A46,A48,A49,A68-A70,A74,A75,A77-A79,B95,B96,H10,H60,I30,I32-I33,I39-I41,K65,K67,K81,L00-L04,L08,M00-M01,M60,M86,N10,N30,N34,N41,N49,N61,P35-P39,P58,P59"
M00,2,Neonatal Infections,neo,codex,3,1,1A,1A02,"Communicable, perinatal and nutritional conditions",Neonatal Infections,Sepsis,"A20-A28,A32,A38,A40-A44,A46,A48,A49,A68-A70,A74,A75,A77-A79,B95,B96,H10,H60,I30,I32-I33,I39-I41,K65,K67,K81,L00-L04,L08,M00-M01,M60,M86,N10,N30,N34,N41,N49,N61,P35-P39,P58,P59"
M01,2,Neonatal Infections,neo,codex,3,1,1A,1A02,"Communicable, perinatal and nutritional conditions",Neonatal Infections,Sepsis,"A20-A28,A32,A38,A40-A44,A46,A48,A49,A68-A70,A74,A75,A77-A79,B95,B96,H10,H60,I30,I32-I33,I39-I41,K65,K67,K81,L00-L04,L08,M00-M01,M60,M86,N10,N30,N34,N41,N49,N61,P35-P39,P58,P59"
M60,2,Neonatal Infections,neo,codex,3,1,1A,1A02,"Communicable, perinatal and nutritional conditions",Neonatal Infections,Sepsis,"A20-A28,A32,A38,A40-A44,A46,A48,A49,A68-A70,A74,A75,A77-A79,B95,B96,H10,H60,I30,I32-I33,I39-I41,K65,K67,K81,L00-L04,L08,M00-M01,M60,M86,N10,N30,N34,N41,N49,N61,P35-P39,P58,P59"
M86,2,Neonatal Infections,neo,codex,3,1,1A,1A02,"Communicable, perinatal and nutritional conditions",Neonatal Infections,Sepsis,"A20-A28,A32,A38,A40-A44,A46,A48,A49,A68-A70,A74,A75,A77-A79,B95,B96,H10,H60,I30,I32-I33,I39-I41,K65,K67,K81,L00-L04,L08,M00-M01,M60,M86,N10,N30,N34,N41,N49,N61,P35-P39,P58,P59"
N10,2,Neonatal Infections,neo,codex,3,1,1A,1A02,"Communicable, perinatal and nutritional conditions",Neonatal Infections,Sepsis,"A20-A28,A32,A38,A40-A44,A46,A48,A49,A68-A70,A74,A75,A77-A79,B95,B96,H10,H60,I30,I32-I33,I39-I41,K65,K67,K81,L00-L04,L08,M00-M01,M60,M86,N10,N30,N34,N41,N49,N61,P35-P39,P58,P59"
N30,2,Neonatal Infections,neo,codex,3,1,1A,1A02,"Communicable, perinatal and nutritional conditions",Neonatal Infections,Sepsis,"A20-A28,A32,A38,A40-A44,A46,A48,A49,A68-A70,A74,A75,A77-A79,B95,B96,H10,H60,I30,I32-I33,I39-I41,K65,K67,K81,L00-L04,L08,M00-M01,M60,M86,N10,N30,N34,N41,N49,N61,P35-P39,P58,P59"
N34,2,Neonatal Infections,neo,codex,3,1,1A,1A02,"Communicable, perinatal and nutritional conditions",Neonatal Infections,Sepsis,"A20-A28,A32,A38,A40-A44,A46,A48,A49,A68-A70,A74,A75,A77-A79,B95,B96,H10,H60,I30,I32-I33,I39-I41,K65,K67,K81,L00-L04,L08,M00-M01,M60,M86,N10,N30,N34,N41,N49,N61,P35-P39,P58,P59"
N41,2,Neonatal Infections,neo,codex,3,1,1A,1A02,"Communicable, perinatal and nutritional conditions",Neonatal Infections,Sepsis,"A20-A28,A32,A38,A40-A44,A46,A48,A49,A68-A70,A74,A75,A77-A79,B95,B96,H10,H60,I30,I32-I33,I39-I41,K65,K67,K81,L00-L04,L08,M00-M01,M60,M86,N10,N30,N34,N41,N49,N61,P35-P39,P58,P59"
N49,2,Neonatal Infections,neo,codex,3,1,1A,1A02,"Communicable, perinatal and nutritional conditions",Neonatal Infections,Sepsis,"A20-A28,A32,A38,A40-A44,A46,A48,A49,A68-A70,A74,A75,A77-A79,B95,B96,H10,H60,I30,I32-I33,I39-I41,K65,K67,K81,L00-L04,L08,M00-M01,M60,M86,N10,N30,N34,N41,N49,N61,P35-P39,P58,P59"
N61,2,Neonatal Infections,neo,codex,3,1,1A,1A02,"Communicable, perinatal and nutritional conditions",Neonatal Infections,Sepsis,"A20-A28,A32,A38,A40-A44,A46,A48,A49,A68-A70,A74,A75,A77-A79,B95,B96,H10,H60,I30,I32-I33,I39-I41,K65,K67,K81,L00-L04,L08,M00-M01,M60,M86,N10,N30,N34,N41,N49,N61,P35-P39,P58,P59"
P00,3,Birth asphyxia & birth trauma,neo,codex,3,1,1C,1C02,"Communicable, perinatal and nutritional conditions",Perinatal conditions,Birth asphyxia & birth trauma,"G40,P00,P02,P03,P10-P15,P20,P21,P24,P29,P50,P51,P90,P91,R06"
P01,1,Prematurity & low birthweight ,neo,codex,3,1,1C,1C01,"Communicable, perinatal and nutritional conditions",Perinatal conditions,Prematurity & low birthweight,"D64,P01,P05,P07,P22,P25-P28,P52,P61,P77,P80, P92,R04"
P02,3,Birth asphyxia & birth trauma,neo,codex,3,1,1C,1C02,"Communicable, perinatal and nutritional conditions",Perinatal conditions,Birth asphyxia & birth trauma,"G40,P00,P02,P03,P10-P15,P20,P21,P24,P29,P50,P51,P90,P91,R06"
P03,3,Birth asphyxia & birth trauma,neo,codex,3,1,1C,1C02,"Communicable, perinatal and nutritional conditions",Perinatal conditions,Birth asphyxia & birth trauma,"G40,P00,P02,P03,P10-P15,P20,P21,P24,P29,P50,P51,P90,P91,R06"
P05,1,Prematurity & low birthweight ,neo,codex,3,1,1C,1C01,"Communicable, perinatal and nutritional conditions",Perinatal conditions,Prematurity & low birthweight,"D64,P01,P05,P07,P22,P25-P28,P52,P61,P77,P80, P92,R04"
P07,1,Prematurity & low birthweight ,neo,codex,3,1,1C,1C01,"Communicable, perinatal and nutritional conditions",Perinatal conditions,Prematurity & low birthweight,"D64,P01,P05,P07,P22,P25-P28,P52,P61,P77,P80, P92,R04"
P10,3,Birth asphyxia & birth trauma,neo,codex,3,1,1C,1C02,"Communicable, perinatal and nutritional conditions",Perinatal conditions,Birth asphyxia & birth trauma,"G40,P00,P02,P03,P10-P15,P20,P21,P24,P29,P50,P51,P90,P91,R06"
P11,3,Birth asphyxia & birth trauma,neo,codex,3,1,1C,1C02,"Communicable, perinatal and nutritional conditions",Perinatal conditions,Birth asphyxia & birth trauma,"G40,P00,P02,P03,P10-P15,P20,P21,P24,P29,P50,P51,P90,P91,R06"
P12,3,Birth asphyxia & birth trauma,neo,codex,3,1,1C,1C02,"Communicable, perinatal and nutritional conditions",Perinatal conditions,Birth asphyxia & birth trauma,"G40,P00,P02,P03,P10-P15,P20,P21,P24,P29,P50,P51,P90,P91,R06"
P13,3,Birth asphyxia & birth trauma,neo,codex,3,1,1C,1C02,"Communicable, perinatal and nutritional conditions",Perinatal conditions,Birth asphyxia & birth trauma,"G40,P00,P02,P03,P10-P15,P20,P21,P24,P29,P50,P51,P90,P91,R06"
P14,3,Birth asphyxia & birth trauma,neo,codex,3,1,1C,1C02,"Communicable, perinatal and nutritional conditions",Perinatal conditions,Birth asphyxia & birth trauma,"G40,P00,P02,P03,P10-P15,P20,P21,P24,P29,P50,P51,P90,P91,R06"
P15,3,Birth asphyxia & birth trauma,neo,codex,3,1,1C,1C02,"Communicable, perinatal and nutritional conditions",Perinatal conditions,Birth asphyxia & birth trauma,"G40,P00,P02,P03,P10-P15,P20,P21,P24,P29,P50,P51,P90,P91,R06"
P20,3,Birth asphyxia & birth trauma,neo,codex,3,1,1C,1C02,"Communicable, perinatal and nutritional conditions",Perinatal conditions,Birth asphyxia & birth trauma,"G40,P00,P02,P03,P10-P15,P20,P21,P24,P29,P50,P51,P90,P91,R06"
P21,3,Birth asphyxia & birth trauma,neo,codex,3,1,1C,1C02,"Communicable, perinatal and nutritional conditions",Perinatal conditions,Birth asphyxia & birth trauma,"G40,P00,P02,P03,P10-P15,P20,P21,P24,P29,P50,P51,P90,P91,R06"
P22,1,Prematurity & low birthweight ,neo,codex,3,1,1C,1C01,"Communicable, perinatal and nutritional conditions",Perinatal conditions,Prematurity & low birthweight,"D64,P01,P05,P07,P22,P25-P28,P52,P61,P77,P80, P92,R04"
P24,3,Birth asphyxia & birth trauma,neo,codex,3,1,1C,1C02,"Communicable, perinatal and nutritional conditions",Perinatal conditions,Birth asphyxia & birth trauma,"G40,P00,P02,P03,P10-P15,P20,P21,P24,P29,P50,P51,P90,P91,R06"
P25,1,Prematurity & low birthweight ,neo,codex,3,1,1C,1C01,"Communicable, perinatal and nutritional conditions",Perinatal conditions,Prematurity & low birthweight,"D64,P01,P05,P07,P22,P25-P28,P52,P61,P77,P80, P92,R04"
P26,1,Prematurity & low birthweight ,neo,codex,3,1,1C,1C01,"Communicable, perinatal and nutritional conditions",Perinatal conditions,Prematurity & low birthweight,"D64,P01,P05,P07,P22,P25-P28,P52,P61,P77,P80, P92,R04"
P27,1,Prematurity & low birthweight ,neo,codex,3,1,1C,1C01,"Communicable, perinatal and nutritional conditions",Perinatal conditions,Prematurity & low birthweight,"D64,P01,P05,P07,P22,P25-P28,P52,P61,P77,P80, P92,R04"
P28,1,Prematurity & low birthweight ,neo,codex,3,1,1C,1C01,"Communicable, perinatal and nutritional conditions",Perinatal conditions,Prematurity & low birthweight,"D64,P01,P05,P07,P22,P25-P28,P52,P61,P77,P80, P92,R04"
P29,3,Birth asphyxia & birth trauma,neo,codex,3,1,1C,1C02,"Communicable, perinatal and nutritional conditions",Perinatal conditions,Birth asphyxia & birth trauma,"G40,P00,P02,P03,P10-P15,P20,P21,P24,P29,P50,P51,P90,P91,R06"
P35,2,Neonatal Infections,neo,codex,3,1,1A,1A02,"Communicable, perinatal and nutritional conditions",Neonatal Infections,Sepsis,"A20-A28,A32,A38,A40-A44,A46,A48,A49,A68-A70,A74,A75,A77-A79,B95,B96,H10,H60,I30,I32-I33,I39-I41,K65,K67,K81,L00-L04,L08,M00-M01,M60,M86,N10,N30,N34,N41,N49,N61,P35-P39,P58,P59"
P36,2,Neonatal Infections,neo,codex,3,1,1A,1A02,"Communicable, perinatal and nutritional conditions",Neonatal Infections,Sepsis,"A20-A28,A32,A38,A40-A44,A46,A48,A49,A68-A70,A74,A75,A77-A79,B95,B96,H10,H60,I30,I32-I33,I39-I41,K65,K67,K81,L00-L04,L08,M00-M01,M60,M86,N10,N30,N34,N41,N49,N61,P35-P39,P58,P59"
P37,2,Neonatal Infections,neo,codex,3,1,1A,1A02,"Communicable, perinatal and nutritional conditions",Neonatal Infections,Sepsis,"A20-A28,A32,A38,A40-A44,A46,A48,A49,A68-A70,A74,A75,A77-A79,B95,B96,H10,H60,I30,I32-I33,I39-I41,K65,K67,K81,L00-L04,L08,M00-M01,M60,M86,N10,N30,N34,N41,N49,N61,P35-P39,P58,P59"
P38,2,Neonatal Infections,neo,codex,3,1,1A,1A02,"Communicable, perinatal and nutritional conditions",Neonatal Infections,Sepsis,"A20-A28,A32,A38,A40-A44,A46,A48,A49,A68-A70,A74,A75,A77-A79,B95,B96,H10,H60,I30,I32-I33,I39-I41,K65,K67,K81,L00-L04,L08,M00-M01,M60,M86,N10,N30,N34,N41,N49,N61,P35-P39,P58,P59"
P39,2,Neonatal Infections,neo,codex,3,1,1A,1A02,"Communicable, perinatal and nutritional conditions",Neonatal Infections,Sepsis,"A20-A28,A32,A38,A40-A44,A46,A48,A49,A68-A70,A74,A75,A77-A79,B95,B96,H10,H60,I30,I32-I33,I39-I41,K65,K67,K81,L00-L04,L08,M00-M01,M60,M86,N10,N30,N34,N41,N49,N61,P35-P39,P58,P59"
P50,3,Birth asphyxia & birth trauma,neo,codex,3,1,1C,1C02,"Communicable, perinatal and nutritional conditions",Perinatal conditions,Birth asphyxia & birth trauma,"G40,P00,P02,P03,P10-P15,P20,P21,P24,P29,P50,P51,P90,P91,R06"
P51,3,Birth asphyxia & birth trauma,neo,codex,3,1,1C,1C02,"Communicable, perinatal and nutritional conditions",Perinatal conditions,Birth asphyxia & birth trauma,"G40,P00,P02,P03,P10-P15,P20,P21,P24,P29,P50,P51,P90,P91,R06"
P52,1,Prematurity & low birthweight ,neo,codex,3,1,1C,1C01,"Communicable, perinatal and nutritional conditions",Perinatal conditions,Prematurity & low birthweight,"D64,P01,P05,P07,P22,P25-P28,P52,P61,P77,P80, P92,R04"
P58,2,Neonatal Infections,neo,codex,3,1,1A,1A02,"Communicable, perinatal and nutritional conditions",Neonatal Infections,Sepsis,"A20-A28,A32,A38,A40-A44,A46,A48,A49,A68-A70,A74,A75,A77-A79,B95,B96,H10,H60,I30,I32-I33,I39-I41,K65,K67,K81,L00-L04,L08,M00-M01,M60,M86,N10,N30,N34,N41,N49,N61,P35-P39,P58,P59"
P59,2,Neonatal Infections,neo,codex,3,1,1A,1A02,"Communicable, perinatal and nutritional conditions",Neonatal Infections,Sepsis,"A20-A28,A32,A38,A40-A44,A46,A48,A49,A68-A70,A74,A75,A77-A79,B95,B96,H10,H60,I30,I32-I33,I39-I41,K65,K67,K81,L00-L04,L08,M00-M01,M60,M86,N10,N30,N34,N41,N49,N61,P35-P39,P58,P59"
P61,1,Prematurity & low birthweight ,neo,codex,3,1,1C,1C01,"Communicable, perinatal and nutritional conditions",Perinatal conditions,Prematurity & low birthweight,"D64,P01,P05,P07,P22,P25-P28,P52,P61,P77,P80, P92,R04"
P77,1,Prematurity & low birthweight ,neo,codex,3,1,1C,1C01,"Communicable, perinatal and nutritional conditions",Perinatal conditions,Prematurity & low birthweight,"D64,P01,P05,P07,P22,P25-P28,P52,P61,P77,P80, P92,R04"
P80,1,Prematurity & low birthweight ,neo,codex,3,1,1C,1C01,"Communicable, perinatal and nutritional conditions",Perinatal conditions,Prematurity & low birthweight,"D64,P01,P05,P07,P22,P25-P28,P52,P61,P77,P80, P92,R04"
P90,3,Birth asphyxia & birth trauma,neo,codex,3,1,1C,1C02,"Communicable, perinatal and nutritional conditions",Perinatal conditions,Birth asphyxia & birth trauma,"G40,P00,P02,P03,P10-P15,P20,P21,P24,P29,P50,P51,P90,P91,R06"
P91,3,Birth asphyxia & birth trauma,neo,codex,3,1,1C,1C02,"Communicable, perinatal and nutritional conditions",Perinatal conditions,Birth asphyxia & birth trauma,"G40,P00,P02,P03,P10-P15,P20,P21,P24,P29,P50,P51,P90,P91,R06"
P92,1,Prematurity & low birthweight ,neo,codex,3,1,1C,1C01,"Communicable, perinatal and nutritional conditions",Perinatal conditions,Prematurity & low birthweight,"D64,P01,P05,P07,P22,P25-P28,P52,P61,P77,P80, P92,R04"
Q00,4,Congenital anomalies,neo,codex,3,1,1D,1D01,"Communicable, perinatal and nutritional conditions",Other conditions,Congenital anomalies,"G10-G99,Q00-Q99"
Q01,4,Congenital anomalies,neo,codex,3,1,1D,1D01,"Communicable, perinatal and nutritional conditions",Other conditions,Congenital anomalies,"G10-G99,Q00-Q99"
Q02,4,Congenital anomalies,neo,codex,3,1,1D,1D01,"Communicable, perinatal and nutritional conditions",Other conditions,Congenital anomalies,"G10-G99,Q00-Q99"
Q03,4,Congenital anomalies,neo,codex,3,1,1D,1D01,"Communicable, perinatal and nutritional conditions",Other conditions,Congenital anomalies,"G10-G99,Q00-Q99"
Q04,4,Congenital anomalies,neo,codex,3,1,1D,1D01,"Communicable, perinatal and nutritional conditions",Other conditions,Congenital anomalies,"G10-G99,Q00-Q99"
Q05,4,Congenital anomalies,neo,codex,3,1,1D,1D01,"Communicable, perinatal and nutritional conditions",Other conditions,Congenital anomalies,"G10-G99,Q00-Q99"
Q06,4,Congenital anomalies,neo,codex,3,1,1D,1D01,"Communicable, perinatal and nutritional conditions",Other conditions,Congenital anomalies,"G10-G99,Q00-Q99"
Q07,4,Congenital anomalies,neo,codex,3,1,1D,1D01,"Communicable, perinatal and nutritional conditions",Other conditions,Congenital anomalies,"G10-G99,Q00-Q99"
Q08,4,Congenital anomalies,neo,codex,3,1,1D,1D01,"Communicable, perinatal and nutritional conditions",Other conditions,Congenital anomalies,"G10-G99,Q00-Q99"
Q09,4,Congenital anomalies,neo,codex,3,1,1D,1D01,"Communicable, perinatal and nutritional conditions",Other conditions,Congenital anomalies,"G10-G99,Q00-Q99"
Q10,4,Congenital anomalies,neo,codex,3,1,1D,1D01,"Communicable, perinatal and nutritional conditions",Other conditions,Congenital anomalies,"G10-G99,Q00-Q99"
Q11,4,Congenital anomalies,neo,codex,3,1,1D,1D01,"Communicable, perinatal and nutritional conditions",Other conditions,Congenital anomalies,"G10-G99,Q00-Q99"
Q12,4,Congenital anomalies,neo,codex,3,1,1D,1D01,"Communicable, perinatal and nutritional conditions",Other conditions,Congenital anomalies,"G10-G99,Q00-Q99"
Q13,4,Congenital anomalies,neo,codex,3,1,1D,1D01,"Communicable, perinatal and nutritional conditions",Other conditions,Congenital anomalies,"G10-G99,Q00-Q99"
Q14,4,Congenital anomalies,neo,codex,3,1,1D,1D01,"Communicable, perinatal and nutritional conditions",Other conditions,Congenital anomalies,"G10-G99,Q00-Q99"
Q15,4,Congenital anomalies,neo,codex,3,1,1D,1D01,"Communicable, perinatal and nutritional conditions",Other conditions,Congenital anomalies,"G10-G99,Q00-Q99"
Q16,4,Congenital anomalies,neo,codex,3,1,1D,1D01,"Communicable, perinatal and nutritional conditions",Other conditions,Congenital anomalies,"G10-G99,Q00-Q99"
Q17,4,Congenital anomalies,neo,codex,3,1,1D,1D01,"Communicable, perinatal and nutritional conditions",Other conditions,Congenital anomalies,"G10-G99,Q00-Q99"
Q18,4,Congenital anomalies,neo,codex,3,1,1D,1D01,"Communicable, perinatal and nutritional conditions",Other conditions,Congenital anomalies,"G10-G99,Q00-Q99"
Q19,4,Congenital anomalies,neo,codex,3,1,1D,1D01,"Communicable, perinatal and nutritional conditions",Other conditions,Congenital anomalies,"G10-G99,Q00-Q99"
Q20,4,Congenital anomalies,neo,codex,3,1,1D,1D01,"Communicable, perinatal and nutritional conditions",Other conditions,Congenital anomalies,"G10-G99,Q00-Q99"
Q21,4,Congenital anomalies,neo,codex,3,1,1D,1D01,"Communicable, perinatal and nutritional conditions",Other conditions,Congenital anomalies,"G10-G99,Q00-Q99"
Q22,4,Congenital anomalies,neo,codex,3,1,1D,1D01,"Communicable, perinatal and nutritional conditions",Other conditions,Congenital anomalies,"G10-G99,Q00-Q99"
Q23,4,Congenital anomalies,neo,codex,3,1,1D,1D01,"Communicable, perinatal and nutritional conditions",Other conditions,Congenital anomalies,"G10-G99,Q00-Q99"
Q24,4,Congenital anomalies,neo,codex,3,1,1D,1D01,"Communicable, perinatal and nutritional conditions",Other conditions,Congenital anomalies,"G10-G99,Q00-Q99"
Q25,4,Congenital anomalies,neo,codex,3,1,1D,1D01,"Communicable, perinatal and nutritional conditions",Other conditions,Congenital anomalies,"G10-G99,Q00-Q99"
Q26,4,Congenital anomalies,neo,codex,3,1,1D,1D01,"Communicable, perinatal and nutritional conditions",Other conditions,Congenital anomalies,"G10-G99,Q00-Q99"
Q27,4,Congenital anomalies,neo,codex,3,1,1D,1D01,"Communicable, perinatal and nutritional conditions",Other conditions,Congenital anomalies,"G10-G99,Q00-Q99"
Q28,4,Congenital anomalies,neo,codex,3,1,1D,1D01,"Communicable, perinatal and nutritional conditions",Other conditions,Congenital anomalies,"G10-G99,Q00-Q99"
Q29,4,Congenital anomalies,neo,codex,3,1,1D,1D01,"Communicable, perinatal and nutritional conditions",Other conditions,Congenital anomalies,"G10-G99,Q00-Q99"
Q30,4,Congenital anomalies,neo,codex,3,1,1D,1D01,"Communicable, perinatal and nutritional conditions",Other conditions,Congenital anomalies,"G10-G99,Q00-Q99"
Q31,4,Congenital anomalies,neo,codex,3,1,1D,1D01,"Communicable, perinatal and nutritional conditions",Other conditions,Congenital anomalies,"G10-G99,Q00-Q99"
Q32,4,Congenital anomalies,neo,codex,3,1,1D,1D01,"Communicable, perinatal and nutritional conditions",Other conditions,Congenital anomalies,"G10-G99,Q00-Q99"
Q33,4,Congenital anomalies,neo,codex,3,1,1D,1D01,"Communicable, perinatal and nutritional conditions",Other conditions,Congenital anomalies,"G10-G99,Q00-Q99"
Q34,4,Congenital anomalies,neo,codex,3,1,1D,1D01,"Communicable, perinatal and nutritional conditions",Other conditions,Congenital anomalies,"G10-G99,Q00-Q99"
Q35,4,Congenital anomalies,neo,codex,3,1,1D,1D01,"Communicable, perinatal and nutritional conditions",Other conditions,Congenital anomalies,"G10-G99,Q00-Q99"
Q36,4,Congenital anomalies,neo,codex,3,1,1D,1D01,"Communicable, perinatal and nutritional conditions",Other conditions,Congenital anomalies,"G10-G99,Q00-Q99"
Q37,4,Congenital anomalies,neo,codex,3,1,1D,1D01,"Communicable, perinatal and nutritional conditions",Other conditions,Congenital anomalies,"G10-G99,Q00-Q99"
Q38,4,Congenital anomalies,neo,codex,3,1,1D,1D01,"Communicable, perinatal and nutritional conditions",Other conditions,Congenital anomalies,"G10-G99,Q00-Q99"
Q39,4,Congenital anomalies,neo,codex,3,1,1D,1D01,"Communicable, perinatal and nutritional conditions",Other conditions,Congenital anomalies,"G10-G99,Q00-Q99"
Q40,4,Congenital anomalies,neo,codex,3,1,1D,1D01,"Communicable, perinatal and nutritional conditions",Other conditions,Congenital anomalies,"G10-G99,Q00-Q99"
Q41,4,Congenital anomalies,neo,codex,3,1,1D,1D01,"Communicable, perinatal and nutritional conditions",Other conditions,Congenital anomalies,"G10-G99,Q00-Q99"
Q42,4,Congenital anomalies,neo,codex,3,1,1D,1D01,"Communicable, perinatal and nutritional conditions",Other conditions,Congenital anomalies,"G10-G99,Q00-Q99"
Q43,4,Congenital anomalies,neo,codex,3,1,1D,1D01,"Communicable, perinatal and nutritional conditions",Other conditions,Congenital anomalies,"G10-G99,Q00-Q99"
Q44,4,Congenital anomalies,neo,codex,3,1,1D,1D01,"Communicable, perinatal and nutritional conditions",Other conditions,Congenital anomalies,"G10-G99,Q00-Q99"
Q45,4,Congenital anomalies,neo,codex,3,1,1D,1D01,"Communicable, perinatal and nutritional conditions",Other conditions,Congenital anomalies,"G10-G99,Q00-Q99"
Q46,4,Congenital anomalies,neo,codex,3,1,1D,1D01,"Communicable, perinatal and nutritional conditions",Other conditions,Congenital anomalies,"G10-G99,Q00-Q99"
Q47,4,Congenital anomalies,neo,codex,3,1,1D,1D01,"Communicable, perinatal and nutritional conditions",Other conditions,Congenital anomalies,"G10-G99,Q00-Q99"
Q48,4,Congenital anomalies,neo,codex,3,1,1D,1D01,"Communicable, perinatal and nutritional conditions",Other conditions,Congenital anomalies,"G10-G99,Q00-Q99"
Q49,4,Congenital anomalies,neo,codex,3,1,1D,1D01,"Communicable, perinatal and nutritional conditions",Other conditions,Congenital anomalies,"G10-G99,Q00-Q99"
Q50,4,Congenital anomalies,neo,codex,3,1,1D,1D01,"Communicable, perinatal and nutritional conditions",Other conditions,Congenital anomalies,"G10-G99,Q00-Q99"
Q51,4,Congenital anomalies,neo,codex,3,1,1D,1D01,"Communicable, perinatal and nutritional conditions",Other conditions,Congenital anomalies,"G10-G99,Q00-Q99"
Q52,4,Congenital anomalies,neo,codex,3,1,1D,1D01,"Communicable, perinatal and nutritional conditions",Other conditions,Congenital anomalies,"G10-G99,Q00-Q99"
Q53,4,Congenital anomalies,neo,codex,3,1,1D,1D01,"Communicable, perinatal and nutritional conditions",Other conditions,Congenital anomalies,"G10-G99,Q00-Q99"
Q54,4,Congenital anomalies,neo,codex,3,1,1D,1D01,"Communicable, perinatal and nutritional conditions",Other conditions,Congenital anomalies,"G10-G99,Q00-Q99"
Q55,4,Congenital anomalies,neo,codex,3,1,1D,1D01,"Communicable, perinatal and nutritional conditions",Other conditions,Congenital anomalies,"G10-G99,Q00-Q99"
Q56,4,Congenital anomalies,neo,codex,3,1,1D,1D01,"Communicable, perinatal and nutritional conditions",Other conditions,Congenital anomalies,"G10-G99,Q00-Q99"
Q57,4,Congenital anomalies,neo,codex,3,1,1D,1D01,"Communicable, perinatal and nutritional conditions",Other conditions,Congenital anomalies,"G10-G99,Q00-Q99"
Q58,4,Congenital anomalies,neo,codex,3,1,1D,1D01,"Communicable, perinatal and nutritional conditions",Other conditions,Congenital anomalies,"G10-G99,Q00-Q99"
Q59,4,Congenital anomalies,neo,codex,3,1,1D,1D01,"Communicable, perinatal and nutritional conditions",Other conditions,Congenital anomalies,"G10-G99,Q00-Q99"
Q60,4,Congenital anomalies,neo,codex,3,1,1D,1D01,"Communicable, perinatal and nutritional conditions",Other conditions,Congenital anomalies,"G10-G99,Q00-Q99"
Q61,4,Congenital anomalies,neo,codex,3,1,1D,1D01,"Communicable, perinatal and nutritional conditions",Other conditions,Congenital anomalies,"G10-G99,Q00-Q99"
Q62,4,Congenital anomalies,neo,codex,3,1,1D,1D01,"Communicable, perinatal and nutritional conditions",Other conditions,Congenital anomalies,"G10-G99,Q00-Q99"
Q63,4,Congenital anomalies,neo,codex,3,1,1D,1D01,"Communicable, perinatal and nutritional conditions",Other conditions,Congenital anomalies,"G10-G99,Q00-Q99"
Q64,4,Congenital anomalies,neo,codex,3,1,1D,1D01,"Communicable, perinatal and nutritional conditions",Other conditions,Congenital anomalies,"G10-G99,Q00-Q99"
Q65,4,Congenital anomalies,neo,codex,3,1,1D,1D01,"Communicable, perinatal and nutritional conditions",Other conditions,Congenital anomalies,"G10-G99,Q00-Q99"
Q66,4,Congenital anomalies,neo,codex,3,1,1D,1D01,"Communicable, perinatal and nutritional conditions",Other conditions,Congenital anomalies,"G10-G99,Q00-Q99"
Q67,4,Congenital anomalies,neo,codex,3,1,1D,1D01,"Communicable, perinatal and nutritional conditions",Other conditions,Congenital anomalies,"G10-G99,Q00-Q99"
Q68,4,Congenital anomalies,neo,codex,3,1,1D,1D01,"Communicable, perinatal and nutritional conditions",Other conditions,Congenital anomalies,"G10-G99,Q00-Q99"
Q69,4,Congenital anomalies,neo,codex,3,1,1D,1D01,"Communicable, perinatal and nutritional conditions",Other conditions,Congenital anomalies,"G10-G99,Q00-Q99"
Q70,4,Congenital anomalies,neo,codex,3,1,1D,1D01,"Communicable, perinatal and nutritional conditions",Other conditions,Congenital anomalies,"G10-G99,Q00-Q99"
Q71,4,Congenital anomalies,neo,codex,3,1,1D,1D01,"Communicable, perinatal and nutritional conditions",Other conditions,Congenital anomalies,"G10-G99,Q00-Q99"
Q72,4,Congenital anomalies,neo,codex,3,1,1D,1D01,"Communicable, perinatal and nutritional conditions",Other conditions,Congenital anomalies,"G10-G99,Q00-Q99"
Q73,4,Congenital anomalies,neo,codex,3,1,1D,1D01,"Communicable, perinatal and nutritional conditions",Other conditions,Congenital anomalies,"G10-G99,Q00-Q99"
Q74,4,Congenital anomalies,neo,codex,3,1,1D,1D01,"Communicable, perinatal and nutritional conditions",Other conditions,Congenital anomalies,"G10-G99,Q00-Q99"
Q75,4,Congenital anomalies,neo,codex,3,1,1D,1D01,"Communicable, perinatal and nutritional conditions",Other conditions,Congenital anomalies,"G10-G99,Q00-Q99"
Q76,4,Congenital anomalies,neo,codex,3,1,1D,1D01,"Communicable, perinatal and nutritional conditions",Other conditions,Congenital anomalies,"G10-G99,Q00-Q99"
Q77,4,Congenital anomalies,neo,codex,3,1,1D,1D01,"Communicable, perinatal and nutritional conditions",Other conditions,Congenital anomalies,"G10-G99,Q00-Q99"
Q78,4,Congenital anomalies,neo,codex,3,1,1D,1D01,"Communicable, perinatal and nutritional conditions",Other conditions,Congenital anomalies,"G10-G99,Q00-Q99"
Q79,4,Congenital anomalies,neo,codex,3,1,1D,1D01,"Communicable, perinatal and nutritional conditions",Other conditions,Congenital anomalies,"G10-G99,Q00-Q99"
Q80,4,Congenital anomalies,neo,codex,3,1,1D,1D01,"Communicable, perinatal and nutritional conditions",Other conditions,Congenital anomalies,"G10-G99,Q00-Q99"
Q81,4,Congenital anomalies,neo,codex,3,1,1D,1D01,"Communicable, perinatal and nutritional conditions",Other conditions,Congenital anomalies,"G10-G99,Q00-Q99"
Q82,4,Congenital anomalies,neo,codex,3,1,1D,1D01,"Communicable, perinatal and nutritional conditions",Other conditions,Congenital anomalies,"G10-G99,Q00-Q99"
Q83,4,Congenital anomalies,neo,codex,3,1,1D,1D01,"Communicable, perinatal and nutritional conditions",Other conditions,Congenital anomalies,"G10-G99,Q00-Q99"
Q84,4,Congenital anomalies,neo,codex,3,1,1D,1D01,"Communicable, perinatal and nutritional conditions",Other conditions,Congenital anomalies,"G10-G99,Q00-Q99"
Q85,4,Congenital anomalies,neo,codex,3,1,1D,1D01,"Communicable, perinatal and nutritional conditions",Other conditions,Congenital anomalies,"G10-G99,Q00-Q99"
Q86,4,Congenital anomalies,neo,codex,3,1,1D,1D01,"Communicable, perinatal and nutritional conditions",Other conditions,Congenital anomalies,"G10-G99,Q00-Q99"
Q87,4,Congenital anomalies,neo,codex,3,1,1D,1D01,"Communicable, perinatal and nutritional conditions",Other conditions,Congenital anomalies,"G10-G99,Q00-Q99"
Q88,4,Congenital anomalies,neo,codex,3,1,1D,1D01,"Communicable, perinatal and nutritional conditions",Other conditions,Congenital anomalies,"G10-G99,Q00-Q99"
Q89,4,Congenital anomalies,neo,codex,3,1,1D,1D01,"Communicable, perinatal and nutritional conditions",Other conditions,Congenital anomalies,"G10-G99,Q00-Q99"
Q90,4,Congenital anomalies,neo,codex,3,1,1D,1D01,"Communicable, perinatal and nutritional conditions",Other conditions,Congenital anomalies,"G10-G99,Q00-Q99"
Q91,4,Congenital anomalies,neo,codex,3,1,1D,1D01,"Communicable, perinatal and nutritional conditions",Other conditions,Congenital anomalies,"G10-G99,Q00-Q99"
Q92,4,Congenital anomalies,neo,codex,3,1,1D,1D01,"Communicable, perinatal and nutritional conditions",Other conditions,Congenital anomalies,"G10-G99,Q00-Q99"
Q93,4,Congenital anomalies,neo,codex,3,1,1D,1D01,"Communicable, perinatal and nutritional conditions",Other conditions,Congenital anomalies,"G10-G99,Q00-Q99"
Q94,4,Congenital anomalies,neo,codex,3,1,1D,1D01,"Communicable, perinatal and nutritional conditions",Other conditions,Congenital anomalies,"G10-G99,Q00-Q99"
Q95,4,Congenital anomalies,neo,codex,3,1,1D,1D01,"Communicable, perinatal and nutritional conditions",Other conditions,Congenital anomalies,"G10-G99,Q00-Q99"
Q96,4,Congenital anomalies,neo,codex,3,1,1D,1D01,"Communicable, perinatal and nutritional conditions",Other conditions,Congenital anomalies,"G10-G99,Q00-Q99"
Q97,4,Congenital anomalies,neo,codex,3,1,1D,1D01,"Communicable, perinatal and nutritional conditions",Other conditions,Congenital anomalies,"G10-G99,Q00-Q99"
Q98,4,Congenital anomalies,neo,codex,3,1,1D,1D01,"Communicable, perinatal and nutritional conditions",Other conditions,Congenital anomalies,"G10-G99,Q00-Q99"
Q99,4,Congenital anomalies,neo,codex,3,1,1D,1D01,"Communicable, perinatal and nutritional conditions",Other conditions,Congenital anomalies,"G10-G99,Q00-Q99"
R02,6,Ill-defined,neo,codex,3,4,4A,4A01,Ill-defined conditions,Ill defined or cause unknown,Ill defined or cause unknown,"P96,R02,R07,R09,R10,R25,R51-R54,R57-R58,R60-R62,R64,R68,R69,R78,R79,R83,R89,R92-R99"
R02,6,Ill-defined,neo,codex,3,4,4A,4A01,Ill-defined conditions,Ill defined or cause unknown,Ill defined or cause unknown,"P96,R02,R07,R09,R10,R25,R51-R54,R57-R58,R60-R62,R64,R68,R69,R78,R79,R83,R89,R92-R99"
R04,1,Prematurity & low birthweight ,neo,codex,3,1,1C,1C01,"Communicable, perinatal and nutritional conditions",Perinatal conditions,Prematurity & low birthweight,"D64,P01,P05,P07,P22,P25-P28,P52,P61,P77,P80, P92,R04"
R06,3,Birth asphyxia & birth trauma,neo,codex,3,1,1C,1C02,"Communicable, perinatal and nutritional conditions",Perinatal conditions,Birth asphyxia & birth trauma,"G40,P00,P02,P03,P10-P15,P20,P21,P24,P29,P50,P51,P90,P91,R06"
R09,6,Ill-defined,neo,codex,3,4,4A,4A01,Ill-defined conditions,Ill defined or cause unknown,Ill defined or cause unknown,"P96,R02,R07,R09,R10,R25,R51-R54,R57-R58,R60-R62,R64,R68,R69,R78,R79,R83,R89,R92-R99"
R09,6,Ill-defined,neo,codex,3,4,4A,4A01,Ill-defined conditions,Ill defined or cause unknown,Ill defined or cause unknown,"P96,R02,R07,R09,R10,R25,R51-R54,R57-R58,R60-R62,R64,R68,R69,R78,R79,R83,R89,R92-R99"
R25,6,Ill-defined,neo,codex,3,4,4A,4A01,Ill-defined conditions,Ill defined or cause unknown,Ill defined or cause unknown,"P96,R02,R07,R09,R10,R25,R51-R54,R57-R58,R60-R62,R64,R68,R69,R78,R79,R83,R89,R92-R99"
R25,6,Ill-defined,neo,codex,3,4,4A,4A01,Ill-defined conditions,Ill defined or cause unknown,Ill defined or cause unknown,"P96,R02,R07,R09,R10,R25,R51-R54,R57-R58,R60-R62,R64,R68,R69,R78,R79,R83,R89,R92-R99"
R52,6,Ill-defined,neo,codex,3,4,4A,4A01,Ill-defined conditions,Ill defined or cause unknown,Ill defined or cause unknown,"P96,R02,R07,R09,R10,R25,R51-R54,R57-R58,R60-R62,R64,R68,R69,R78,R79,R83,R89,R92-R99"
R52,6,Ill-defined,neo,codex,3,4,4A,4A01,Ill-defined conditions,Ill defined or cause unknown,Ill defined or cause unknown,"P96,R02,R07,R09,R10,R25,R51-R54,R57-R58,R60-R62,R64,R68,R69,R78,R79,R83,R89,R92-R99"
R54,6,Ill-defined,neo,codex,3,4,4A,4A01,Ill-defined conditions,Ill defined or cause unknown,Ill defined or cause unknown,"P96,R02,R07,R09,R10,R25,R51-R54,R57-R58,R60-R62,R64,R68,R69,R78,R79,R83,R89,R92-R99"
R54,6,Ill-defined,neo,codex,3,4,4A,4A01,Ill-defined conditions,Ill defined or cause unknown,Ill defined or cause unknown,"P96,R02,R07,R09,R10,R25,R51-R54,R57-R58,R60-R62,R64,R68,R69,R78,R79,R83,R89,R92-R99"
R58,6,Ill-defined,neo,codex,3,4,4A,4A01,Ill-defined conditions,Ill defined or cause unknown,Ill defined or cause unknown,"P96,R02,R07,R09,R10,R25,R51-R54,R57-R58,R60-R62,R64,R68,R69,R78,R79,R83,R89,R92-R99"
R58,6,Ill-defined,neo,codex,3,4,4A,4A01,Ill-defined conditions,Ill defined or cause unknown,Ill defined or cause unknown,"P96,R02,R07,R09,R10,R25,R51-R54,R57-R58,R60-R62,R64,R68,R69,R78,R79,R83,R89,R92-R99"
R61,6,Ill-defined,neo,codex,3,4,4A,4A01,Ill-defined conditions,Ill defined or cause unknown,Ill defined or cause unknown,"P96,R02,R07,R09,R10,R25,R51-R54,R57-R58,R60-R62,R64,R68,R69,R78,R79,R83,R89,R92-R99"
R61,6,Ill-defined,neo,codex,3,4,4A,4A01,Ill-defined conditions,Ill defined or cause unknown,Ill defined or cause unknown,"P96,R02,R07,R09,R10,R25,R51-R54,R57-R58,R60-R62,R64,R68,R69,R78,R79,R83,R89,R92-R99"
R64,6,Ill-defined,neo,codex,3,4,4A,4A01,Ill-defined conditions,Ill defined or cause unknown,Ill defined or cause unknown,"P96,R02,R07,R09,R10,R25,R51-R54,R57-R58,R60-R62,R64,R68,R69,R78,R79,R83,R89,R92-R99"
R64,6,Ill-defined,neo,codex,3,4,4A,4A01,Ill-defined conditions,Ill defined or cause unknown,Ill defined or cause unknown,"P96,R02,R07,R09,R10,R25,R51-R54,R57-R58,R60-R62,R64,R68,R69,R78,R79,R83,R89,R92-R99"
R69,6,Ill-defined,neo,codex,3,4,4A,4A01,Ill-defined conditions,Ill defined or cause unknown,Ill defined or cause unknown,"P96,R02,R07,R09,R10,R25,R51-R54,R57-R58,R60-R62,R64,R68,R69,R78,R79,R83,R89,R92-R99"
R69,6,Ill-defined,neo,codex,3,4,4A,4A01,Ill-defined conditions,Ill defined or cause unknown,Ill defined or cause unknown,"P96,R02,R07,R09,R10,R25,R51-R54,R57-R58,R60-R62,R64,R68,R69,R78,R79,R83,R89,R92-R99"
R79,6,Ill-defined,neo,codex,3,4,4A,4A01,Ill-defined conditions,Ill defined or cause unknown,Ill defined or cause unknown,"P96,R02,R07,R09,R10,R25,R51-R54,R57-R58,R60-R62,R64,R68,R69,R78,R79,R83,R89,R92-R99"
R79,6,Ill-defined,neo,codex,3,4,4A,4A01,Ill-defined conditions,Ill defined or cause unknown,Ill defined or cause unknown,"P96,R02,R07,R09,R10,R25,R51-R54,R57-R58,R60-R62,R64,R68,R69,R78,R79,R83,R89,R92-R99"
R89,6,Ill-defined,neo,codex,3,4,4A,4A01,Ill-defined conditions,Ill defined or cause unknown,Ill defined or cause unknown,"P96,R02,R07,R09,R10,R25,R51-R54,R57-R58,R60-R62,R64,R68,R69,R78,R79,R83,R89,R92-R99"
R89,6,Ill-defined,neo,codex,3,4,4A,4A01,Ill-defined conditions,Ill defined or cause unknown,Ill defined or cause unknown,"P96,R02,R07,R09,R10,R25,R51-R54,R57-R58,R60-R62,R64,R68,R69,R78,R79,R83,R89,R92-R99"
R93,6,Ill-defined,neo,codex,3,4,4A,4A01,Ill-defined conditions,Ill defined or cause unknown,Ill defined or cause unknown,"P96,R02,R07,R09,R10,R25,R51-R54,R57-R58,R60-R62,R64,R68,R69,R78,R79,R83,R89,R92-R99"
R93,6,Ill-defined,neo,codex,3,4,4A,4A01,Ill-defined conditions,Ill defined or cause unknown,Ill defined or cause unknown,"P96,R02,R07,R09,R10,R25,R51-R54,R57-R58,R60-R62,R64,R68,R69,R78,R79,R83,R89,R92-R99"
R95,6,Ill-defined,neo,codex,3,4,4A,4A01,Ill-defined conditions,Ill defined or cause unknown,Ill defined or cause unknown,"P96,R02,R07,R09,R10,R25,R51-R54,R57-R58,R60-R62,R64,R68,R69,R78,R79,R83,R89,R92-R99"
R95,6,Ill-defined,neo,codex,3,4,4A,4A01,Ill-defined conditions,Ill defined or cause unknown,Ill defined or cause unknown,"P96,R02,R07,R09,R10,R25,R51-R54,R57-R58,R60-R62,R64,R68,R69,R78,R79,R83,R89,R92-R99"
R97,6,Ill-defined,neo,codex,3,4,4A,4A01,Ill-defined conditions,Ill defined or cause unknown,Ill defined or cause unknown,"P96,R02,R07,R09,R10,R25,R51-R54,R57-R58,R60-R62,R64,R68,R69,R78,R79,R83,R89,R92-R99"
R97,6,Ill-defined,neo,codex,3,4,4A,4A01,Ill-defined conditions,Ill defined or cause unknown,Ill defined or cause unknown,"P96,R02,R07,R09,R10,R25,R51-R54,R57-R58,R60-R62,R64,R68,R69,R78,R79,R83,R89,R92-R99"
R99,6,Ill-defined,neo,codex,3,4,4A,4A01,Ill-defined conditions,Ill defined or cause unknown,Ill defined or cause unknown,"P96,R02,R07,R09,R10,R25,R51-R54,R57-R58,R60-R62,R64,R68,R69,R78,R79,R83,R89,R92-R99"
R99,6,Ill-defined,neo,codex,3,4,4A,4A01,Ill-defined conditions,Ill defined or cause unknown,Ill defined or cause unknown,"P96,R02,R07,R09,R10,R25,R51-R54,R57-R58,R60-R62,R64,R68,R69,R78,R79,R83,R89,R92-R99"
U04,2,Neonatal Infections,neo,codex,3,1,1A,1A01,"Communicable, perinatal and nutritional conditions",Neonatal Infections,Neonatal Pneumonia,"A37,H65-H68,H70,H71,J00-J22,J32,J36,J85,J86,P23,U04"
U04,2,Neonatal Infections,neo,codex,3,1,1A,1A01,"Communicable, perinatal and nutritional conditions",Neonatal Infections,Neonatal Pneumonia,"A37,H65-H68,H70,H71,J00-J22,J32,J36,J85,J86,P23,U04"
W79,3,Birth asphyxia & birth trauma,neo,codex,3,3,3A,3A01,Injuries,Injuries,Injuries,"S00-S99,T00-T98,V01-V99,W00-W99,X00-X52,X57-X99,Y00-Y91,Y97-Y98"